filepath,label
data/Diabetic Retinopathy/train/images/IMAGE_01418.png,2
data/Diabetic Retinopathy/train/images/IMAGE_01285.png,0
data/Diabetic Retinopathy/train/images/IMAGE_02211.jpg,0
data/Diabetic Retinopathy/train/images/IMAGE_00525.png,1
data/Diabetic Retinopathy/train/images/IMAGE_01239.png,1
data/Diabetic Retinopathy/train/images/IMAGE_00196.jpg,2
data/Diabetic Retinopathy/train/images/IMAGE_00266.jpg,0
data/Diabetic Retinopathy/train/images/IMAGE_01573.jpg,1
data/Diabetic Retinopathy/train/images/IMAGE_02162.jpg,0
data/Diabetic Retinopathy/train/images/IMAGE_00274.jpg,0
data/Diabetic Retinopathy/train/images/IMAGE_02201.jpg,0
data/Diabetic Retinopathy/train/images/IMAGE_00974.png,2
data/Diabetic Retinopathy/train/images/IMAGE_01221.png,1
data/Diabetic Retinopathy/train/images/IMAGE_01839.jpg,1
data/Diabetic Retinopathy/train/images/IMAGE_00053.jpg,4
data/Diabetic Retinopathy/train/images/IMAGE_02068.jpg,0
data/Diabetic Retinopathy/train/images/IMAGE_00789.png,1
data/Diabetic Retinopathy/train/images/IMAGE_00338.jpg,2
data/Diabetic Retinopathy/train/images/IMAGE_00696.png,0
data/Diabetic Retinopathy/train/images/IMAGE_00359.jpg,0
data/Diabetic Retinopathy/train/images/IMAGE_00634.png,1
data/Diabetic Retinopathy/train/images/IMAGE_01626.jpg,0
data/Diabetic Retinopathy/train/images/IMAGE_01570.jpg,0
data/Diabetic Retinopathy/train/images/IMAGE_01826.jpg,2
data/Diabetic Retinopathy/train/images/IMAGE_01956.jpg,0
data/Diabetic Retinopathy/train/images/IMAGE_00794.png,1
data/Diabetic Retinopathy/train/images/IMAGE_00718.png,1
data/Diabetic Retinopathy/train/images/IMAGE_00010.jpg,2
data/Diabetic Retinopathy/train/images/IMAGE_00413.jpg,0
data/Diabetic Retinopathy/train/images/IMAGE_00332.jpg,0
data/Diabetic Retinopathy/train/images/IMAGE_00547.png,0
data/Diabetic Retinopathy/train/images/IMAGE_00705.png,0
data/Diabetic Retinopathy/train/images/IMAGE_02137.jpg,0
data/Diabetic Retinopathy/train/images/IMAGE_00743.png,0
data/Diabetic Retinopathy/train/images/IMAGE_01503.png,0
data/Diabetic Retinopathy/train/images/IMAGE_01779.jpg,0
data/Diabetic Retinopathy/train/images/IMAGE_01697.jpg,0
data/Diabetic Retinopathy/train/images/IMAGE_01159.png,1
data/Diabetic Retinopathy/train/images/IMAGE_00249.jpg,0
data/Diabetic Retinopathy/train/images/IMAGE_01134.png,0
data/Diabetic Retinopathy/train/images/IMAGE_00597.png,2
data/Diabetic Retinopathy/train/images/IMAGE_00668.png,1
data/Diabetic Retinopathy/train/images/IMAGE_00610.png,4
data/Diabetic Retinopathy/train/images/IMAGE_00901.png,3
data/Diabetic Retinopathy/train/images/IMAGE_02003.jpg,0
data/Diabetic Retinopathy/train/images/IMAGE_01458.png,0
data/Diabetic Retinopathy/train/images/IMAGE_00395.jpg,2
data/Diabetic Retinopathy/train/images/IMAGE_01611.jpg,0
data/Diabetic Retinopathy/train/images/IMAGE_01432.png,0
data/Diabetic Retinopathy/train/images/IMAGE_00447.jpg,2
data/Diabetic Retinopathy/train/images/IMAGE_00943.png,0
data/Diabetic Retinopathy/train/images/IMAGE_01544.png,2
data/Diabetic Retinopathy/train/images/IMAGE_01084.png,0
data/Diabetic Retinopathy/train/images/IMAGE_00932.png,0
data/Diabetic Retinopathy/train/images/IMAGE_00193.jpg,2
data/Diabetic Retinopathy/train/images/IMAGE_00143.jpg,2
data/Diabetic Retinopathy/train/images/IMAGE_02247.jpg,1
data/Diabetic Retinopathy/train/images/IMAGE_01857.jpg,1
data/Diabetic Retinopathy/train/images/IMAGE_00177.jpg,3
data/Diabetic Retinopathy/train/images/IMAGE_00726.png,0
data/Diabetic Retinopathy/train/images/IMAGE_01373.png,0
data/Diabetic Retinopathy/train/images/IMAGE_01171.png,0
data/Diabetic Retinopathy/train/images/IMAGE_00533.png,4
data/Diabetic Retinopathy/train/images/IMAGE_00933.png,4
data/Diabetic Retinopathy/train/images/IMAGE_01382.png,1
data/Diabetic Retinopathy/train/images/IMAGE_00513.png,1
data/Diabetic Retinopathy/train/images/IMAGE_01871.jpg,1
data/Diabetic Retinopathy/train/images/IMAGE_02020.jpg,0
data/Diabetic Retinopathy/train/images/IMAGE_00150.jpg,2
data/Diabetic Retinopathy/train/images/IMAGE_01823.jpg,0
data/Diabetic Retinopathy/train/images/IMAGE_01866.jpg,1
data/Diabetic Retinopathy/train/images/IMAGE_00892.png,2
data/Diabetic Retinopathy/train/images/IMAGE_00118.jpg,2
data/Diabetic Retinopathy/train/images/IMAGE_00734.png,0
data/Diabetic Retinopathy/train/images/IMAGE_00373.jpg,3
data/Diabetic Retinopathy/train/images/IMAGE_00830.png,2
data/Diabetic Retinopathy/train/images/IMAGE_00320.jpg,0
data/Diabetic Retinopathy/train/images/IMAGE_00994.png,0
data/Diabetic Retinopathy/train/images/IMAGE_01671.jpg,0
data/Diabetic Retinopathy/train/images/IMAGE_01298.png,3
data/Diabetic Retinopathy/train/images/IMAGE_00200.jpg,3
data/Diabetic Retinopathy/train/images/IMAGE_01173.png,0
data/Diabetic Retinopathy/train/images/IMAGE_01963.jpg,4
data/Diabetic Retinopathy/train/images/IMAGE_01975.jpg,0
data/Diabetic Retinopathy/train/images/IMAGE_02002.jpg,0
data/Diabetic Retinopathy/train/images/IMAGE_00688.png,0
data/Diabetic Retinopathy/train/images/IMAGE_01686.jpg,0
data/Diabetic Retinopathy/train/images/IMAGE_01851.jpg,0
data/Diabetic Retinopathy/train/images/IMAGE_00494.jpg,2
data/Diabetic Retinopathy/train/images/IMAGE_02188.jpg,0
data/Diabetic Retinopathy/train/images/IMAGE_00652.png,0
data/Diabetic Retinopathy/train/images/IMAGE_00318.jpg,2
data/Diabetic Retinopathy/train/images/IMAGE_01304.png,1
data/Diabetic Retinopathy/train/images/IMAGE_01111.png,2
data/Diabetic Retinopathy/train/images/IMAGE_00089.jpg,0
data/Diabetic Retinopathy/train/images/IMAGE_00824.png,2
data/Diabetic Retinopathy/train/images/IMAGE_01595.jpg,0
data/Diabetic Retinopathy/train/images/IMAGE_01926.jpg,0
data/Diabetic Retinopathy/train/images/IMAGE_01076.png,0
data/Diabetic Retinopathy/train/images/IMAGE_00522.png,2
data/Diabetic Retinopathy/train/images/IMAGE_00677.png,2
data/Diabetic Retinopathy/train/images/IMAGE_01892.jpg,0
data/Diabetic Retinopathy/train/images/IMAGE_01799.jpg,0
data/Diabetic Retinopathy/train/images/IMAGE_01132.png,2
data/Diabetic Retinopathy/train/images/IMAGE_01302.png,2
data/Diabetic Retinopathy/train/images/IMAGE_02123.jpg,0
data/Diabetic Retinopathy/train/images/IMAGE_01665.jpg,0
data/Diabetic Retinopathy/train/images/IMAGE_02249.jpg,0
data/Diabetic Retinopathy/train/images/IMAGE_00905.png,2
data/Diabetic Retinopathy/train/images/IMAGE_00898.png,4
data/Diabetic Retinopathy/train/images/IMAGE_00587.png,2
data/Diabetic Retinopathy/train/images/IMAGE_01990.jpg,0
data/Diabetic Retinopathy/train/images/IMAGE_01422.png,2
data/Diabetic Retinopathy/train/images/IMAGE_01103.png,0
data/Diabetic Retinopathy/train/images/IMAGE_00389.jpg,0
data/Diabetic Retinopathy/train/images/IMAGE_00093.jpg,0
data/Diabetic Retinopathy/train/images/IMAGE_00186.jpg,2
data/Diabetic Retinopathy/train/images/IMAGE_00260.jpg,0
data/Diabetic Retinopathy/train/images/IMAGE_01193.png,2
data/Diabetic Retinopathy/train/images/IMAGE_02071.jpg,0
data/Diabetic Retinopathy/train/images/IMAGE_00131.jpg,2
data/Diabetic Retinopathy/train/images/IMAGE_01150.png,1
data/Diabetic Retinopathy/train/images/IMAGE_02208.jpg,0
data/Diabetic Retinopathy/train/images/IMAGE_01284.png,0
data/Diabetic Retinopathy/train/images/IMAGE_00946.png,0
data/Diabetic Retinopathy/train/images/IMAGE_00276.jpg,0
data/Diabetic Retinopathy/train/images/IMAGE_01601.jpg,0
data/Diabetic Retinopathy/train/images/IMAGE_00783.png,0
data/Diabetic Retinopathy/train/images/IMAGE_00571.png,0
data/Diabetic Retinopathy/train/images/IMAGE_00619.png,3
data/Diabetic Retinopathy/train/images/IMAGE_00486.jpg,1
data/Diabetic Retinopathy/train/images/IMAGE_02244.jpg,0
data/Diabetic Retinopathy/train/images/IMAGE_01722.jpg,0
data/Diabetic Retinopathy/train/images/IMAGE_00814.png,2
data/Diabetic Retinopathy/train/images/IMAGE_00431.jpg,0
data/Diabetic Retinopathy/train/images/IMAGE_00957.png,3
data/Diabetic Retinopathy/train/images/IMAGE_01640.jpg,0
data/Diabetic Retinopathy/train/images/IMAGE_01465.png,1
data/Diabetic Retinopathy/train/images/IMAGE_00499.jpg,1
data/Diabetic Retinopathy/train/images/IMAGE_01717.jpg,2
data/Diabetic Retinopathy/train/images/IMAGE_00252.jpg,0
data/Diabetic Retinopathy/train/images/IMAGE_01407.png,0
data/Diabetic Retinopathy/train/images/IMAGE_01756.jpg,0
data/Diabetic Retinopathy/train/images/IMAGE_00893.png,2
data/Diabetic Retinopathy/train/images/IMAGE_00569.png,1
data/Diabetic Retinopathy/train/images/IMAGE_00810.png,1
data/Diabetic Retinopathy/train/images/IMAGE_00714.png,0
data/Diabetic Retinopathy/train/images/IMAGE_01094.png,0
data/Diabetic Retinopathy/train/images/IMAGE_01138.png,0
data/Diabetic Retinopathy/train/images/IMAGE_00881.png,0
data/Diabetic Retinopathy/train/images/IMAGE_00645.png,0
data/Diabetic Retinopathy/train/images/IMAGE_01698.jpg,0
data/Diabetic Retinopathy/train/images/IMAGE_00607.png,0
data/Diabetic Retinopathy/train/images/IMAGE_01642.jpg,0
data/Diabetic Retinopathy/train/images/IMAGE_01095.png,1
data/Diabetic Retinopathy/train/images/IMAGE_00712.png,0
data/Diabetic Retinopathy/train/images/IMAGE_01203.png,0
data/Diabetic Retinopathy/train/images/IMAGE_00549.png,2
data/Diabetic Retinopathy/train/images/IMAGE_00037.jpg,0
data/Diabetic Retinopathy/train/images/IMAGE_02082.jpg,2
data/Diabetic Retinopathy/train/images/IMAGE_01151.png,1
data/Diabetic Retinopathy/train/images/IMAGE_00745.png,1
data/Diabetic Retinopathy/train/images/IMAGE_01282.png,2
data/Diabetic Retinopathy/train/images/IMAGE_00346.jpg,0
data/Diabetic Retinopathy/train/images/IMAGE_01227.png,1
data/Diabetic Retinopathy/train/images/IMAGE_01411.png,0
data/Diabetic Retinopathy/train/images/IMAGE_01201.png,0
data/Diabetic Retinopathy/train/images/IMAGE_01371.png,0
data/Diabetic Retinopathy/train/images/IMAGE_01516.png,0
data/Diabetic Retinopathy/train/images/IMAGE_02125.jpg,0
data/Diabetic Retinopathy/train/images/IMAGE_02185.jpg,0
data/Diabetic Retinopathy/train/images/IMAGE_00991.png,0
data/Diabetic Retinopathy/train/images/IMAGE_01479.png,0
data/Diabetic Retinopathy/train/images/IMAGE_00678.png,2
data/Diabetic Retinopathy/train/images/IMAGE_00013.jpg,3
data/Diabetic Retinopathy/train/images/IMAGE_01385.png,1
data/Diabetic Retinopathy/train/images/IMAGE_02006.jpg,2
data/Diabetic Retinopathy/train/images/IMAGE_01395.png,2
data/Diabetic Retinopathy/train/images/IMAGE_00682.png,2
data/Diabetic Retinopathy/train/images/IMAGE_01633.jpg,0
data/Diabetic Retinopathy/train/images/IMAGE_01514.png,0
data/Diabetic Retinopathy/train/images/IMAGE_00984.png,2
data/Diabetic Retinopathy/train/images/IMAGE_01073.png,0
data/Diabetic Retinopathy/train/images/IMAGE_00805.png,1
data/Diabetic Retinopathy/train/images/IMAGE_00568.png,1
data/Diabetic Retinopathy/train/images/IMAGE_00703.png,0
data/Diabetic Retinopathy/train/images/IMAGE_01037.png,0
data/Diabetic Retinopathy/train/images/IMAGE_00262.jpg,0
data/Diabetic Retinopathy/train/images/IMAGE_00355.jpg,3
data/Diabetic Retinopathy/train/images/IMAGE_01442.png,2
data/Diabetic Retinopathy/train/images/IMAGE_02114.jpg,2
data/Diabetic Retinopathy/train/images/IMAGE_01645.jpg,2
data/Diabetic Retinopathy/train/images/IMAGE_01591.jpg,0
data/Diabetic Retinopathy/train/images/IMAGE_02142.jpg,0
data/Diabetic Retinopathy/train/images/IMAGE_01614.jpg,0
data/Diabetic Retinopathy/train/images/IMAGE_00582.png,2
data/Diabetic Retinopathy/train/images/IMAGE_02103.jpg,0
data/Diabetic Retinopathy/train/images/IMAGE_00404.jpg,2
data/Diabetic Retinopathy/train/images/IMAGE_01981.jpg,0
data/Diabetic Retinopathy/train/images/IMAGE_01008.png,1
data/Diabetic Retinopathy/train/images/IMAGE_01660.jpg,0
data/Diabetic Retinopathy/train/images/IMAGE_01605.jpg,0
data/Diabetic Retinopathy/train/images/IMAGE_01096.png,1
data/Diabetic Retinopathy/train/images/IMAGE_01156.png,3
data/Diabetic Retinopathy/train/images/IMAGE_00802.png,0
data/Diabetic Retinopathy/train/images/IMAGE_01538.png,0
data/Diabetic Retinopathy/train/images/IMAGE_00604.png,2
data/Diabetic Retinopathy/train/images/IMAGE_00223.jpg,2
data/Diabetic Retinopathy/train/images/IMAGE_01237.png,1
data/Diabetic Retinopathy/train/images/IMAGE_00182.jpg,2
data/Diabetic Retinopathy/train/images/IMAGE_01853.jpg,0
data/Diabetic Retinopathy/train/images/IMAGE_00887.png,2
data/Diabetic Retinopathy/train/images/IMAGE_00306.jpg,0
data/Diabetic Retinopathy/train/images/IMAGE_00614.png,0
data/Diabetic Retinopathy/train/images/IMAGE_00057.jpg,4
data/Diabetic Retinopathy/train/images/IMAGE_02083.jpg,0
data/Diabetic Retinopathy/train/images/IMAGE_00564.png,1
data/Diabetic Retinopathy/train/images/IMAGE_01904.jpg,0
data/Diabetic Retinopathy/train/images/IMAGE_01876.jpg,1
data/Diabetic Retinopathy/train/images/IMAGE_00685.png,0
data/Diabetic Retinopathy/train/images/IMAGE_00679.png,2
data/Diabetic Retinopathy/train/images/IMAGE_02252.jpg,2
data/Diabetic Retinopathy/train/images/IMAGE_01666.jpg,0
data/Diabetic Retinopathy/train/images/IMAGE_01495.png,3
data/Diabetic Retinopathy/train/images/IMAGE_01130.png,2
data/Diabetic Retinopathy/train/images/IMAGE_00028.jpg,2
data/Diabetic Retinopathy/train/images/IMAGE_01878.jpg,0
data/Diabetic Retinopathy/train/images/IMAGE_02207.jpg,0
data/Diabetic Retinopathy/train/images/IMAGE_00462.jpg,2
data/Diabetic Retinopathy/train/images/IMAGE_00813.png,2
data/Diabetic Retinopathy/train/images/IMAGE_00870.png,0
data/Diabetic Retinopathy/train/images/IMAGE_01410.png,0
data/Diabetic Retinopathy/train/images/IMAGE_00148.jpg,4
data/Diabetic Retinopathy/train/images/IMAGE_00145.jpg,2
data/Diabetic Retinopathy/train/images/IMAGE_00302.jpg,0
data/Diabetic Retinopathy/train/images/IMAGE_00179.jpg,3
data/Diabetic Retinopathy/train/images/IMAGE_00292.jpg,0
data/Diabetic Retinopathy/train/images/IMAGE_01197.png,2
data/Diabetic Retinopathy/train/images/IMAGE_01879.jpg,0
data/Diabetic Retinopathy/train/images/IMAGE_00272.jpg,0
data/Diabetic Retinopathy/train/images/IMAGE_00992.png,0
data/Diabetic Retinopathy/train/images/IMAGE_02043.jpg,0
data/Diabetic Retinopathy/train/images/IMAGE_00958.png,3
data/Diabetic Retinopathy/train/images/IMAGE_00416.jpg,0
data/Diabetic Retinopathy/train/images/IMAGE_00128.jpg,3
data/Diabetic Retinopathy/train/images/IMAGE_01551.png,2
data/Diabetic Retinopathy/train/images/IMAGE_00751.png,0
data/Diabetic Retinopathy/train/images/IMAGE_00753.png,0
data/Diabetic Retinopathy/train/images/IMAGE_01776.jpg,0
data/Diabetic Retinopathy/train/images/IMAGE_01211.png,0
data/Diabetic Retinopathy/train/images/IMAGE_01598.jpg,0
data/Diabetic Retinopathy/train/images/IMAGE_01736.jpg,2
data/Diabetic Retinopathy/train/images/IMAGE_00715.png,0
data/Diabetic Retinopathy/train/images/IMAGE_01568.jpg,2
data/Diabetic Retinopathy/train/images/IMAGE_00781.png,0
data/Diabetic Retinopathy/train/images/IMAGE_01545.png,2
data/Diabetic Retinopathy/train/images/IMAGE_00878.png,0
data/Diabetic Retinopathy/train/images/IMAGE_02061.jpg,4
data/Diabetic Retinopathy/train/images/IMAGE_00847.png,0
data/Diabetic Retinopathy/train/images/IMAGE_00951.png,0
data/Diabetic Retinopathy/train/images/IMAGE_02206.jpg,0
data/Diabetic Retinopathy/train/images/IMAGE_00975.png,0
data/Diabetic Retinopathy/train/images/IMAGE_00588.png,2
data/Diabetic Retinopathy/train/images/IMAGE_01855.jpg,0
data/Diabetic Retinopathy/train/images/IMAGE_00109.jpg,4
data/Diabetic Retinopathy/train/images/IMAGE_00463.jpg,3
data/Diabetic Retinopathy/train/images/IMAGE_01800.jpg,0
data/Diabetic Retinopathy/train/images/IMAGE_00509.jpg,2
data/Diabetic Retinopathy/train/images/IMAGE_02098.jpg,0
data/Diabetic Retinopathy/train/images/IMAGE_02170.jpg,0
data/Diabetic Retinopathy/train/images/IMAGE_00419.jpg,0
data/Diabetic Retinopathy/train/images/IMAGE_00281.jpg,0
data/Diabetic Retinopathy/train/images/IMAGE_01720.jpg,0
data/Diabetic Retinopathy/train/images/IMAGE_01347.png,1
data/Diabetic Retinopathy/train/images/IMAGE_00111.jpg,3
data/Diabetic Retinopathy/train/images/IMAGE_01300.png,1
data/Diabetic Retinopathy/train/images/IMAGE_00392.jpg,1
data/Diabetic Retinopathy/train/images/IMAGE_01115.png,1
data/Diabetic Retinopathy/train/images/IMAGE_00278.jpg,0
data/Diabetic Retinopathy/train/images/IMAGE_01635.jpg,0
data/Diabetic Retinopathy/train/images/IMAGE_00556.png,3
data/Diabetic Retinopathy/train/images/IMAGE_01166.png,0
data/Diabetic Retinopathy/train/images/IMAGE_01936.jpg,0
data/Diabetic Retinopathy/train/images/IMAGE_00034.jpg,3
data/Diabetic Retinopathy/train/images/IMAGE_00227.jpg,2
data/Diabetic Retinopathy/train/images/IMAGE_01196.png,2
data/Diabetic Retinopathy/train/images/IMAGE_00722.png,0
data/Diabetic Retinopathy/train/images/IMAGE_01692.jpg,0
data/Diabetic Retinopathy/train/images/IMAGE_01693.jpg,0
data/Diabetic Retinopathy/train/images/IMAGE_01905.jpg,0
data/Diabetic Retinopathy/train/images/IMAGE_01438.png,3
data/Diabetic Retinopathy/train/images/IMAGE_01912.jpg,0
data/Diabetic Retinopathy/train/images/IMAGE_00255.jpg,0
data/Diabetic Retinopathy/train/images/IMAGE_01325.png,0
data/Diabetic Retinopathy/train/images/IMAGE_00641.png,0
data/Diabetic Retinopathy/train/images/IMAGE_00482.jpg,3
data/Diabetic Retinopathy/train/images/IMAGE_01992.jpg,0
data/Diabetic Retinopathy/train/images/IMAGE_01424.png,0
data/Diabetic Retinopathy/train/images/IMAGE_01655.jpg,0
data/Diabetic Retinopathy/train/images/IMAGE_02245.jpg,0
data/Diabetic Retinopathy/train/images/IMAGE_01015.png,0
data/Diabetic Retinopathy/train/images/IMAGE_01309.png,0
data/Diabetic Retinopathy/train/images/IMAGE_01919.jpg,0
data/Diabetic Retinopathy/train/images/IMAGE_01617.jpg,0
data/Diabetic Retinopathy/train/images/IMAGE_00770.png,0
data/Diabetic Retinopathy/train/images/IMAGE_00861.png,0
data/Diabetic Retinopathy/train/images/IMAGE_01523.png,0
data/Diabetic Retinopathy/train/images/IMAGE_00799.png,2
data/Diabetic Retinopathy/train/images/IMAGE_00344.jpg,2
data/Diabetic Retinopathy/train/images/IMAGE_01120.png,0
data/Diabetic Retinopathy/train/images/IMAGE_01490.png,0
data/Diabetic Retinopathy/train/images/IMAGE_01117.png,1
data/Diabetic Retinopathy/train/images/IMAGE_01271.png,1
data/Diabetic Retinopathy/train/images/IMAGE_01013.png,1
data/Diabetic Retinopathy/train/images/IMAGE_00615.png,2
data/Diabetic Retinopathy/train/images/IMAGE_00563.png,2
data/Diabetic Retinopathy/train/images/IMAGE_00449.jpg,2
data/Diabetic Retinopathy/train/images/IMAGE_00647.png,0
data/Diabetic Retinopathy/train/images/IMAGE_01161.png,2
data/Diabetic Retinopathy/train/images/IMAGE_00175.jpg,2
data/Diabetic Retinopathy/train/images/IMAGE_00600.png,4
data/Diabetic Retinopathy/train/images/IMAGE_01646.jpg,0
data/Diabetic Retinopathy/train/images/IMAGE_00271.jpg,0
data/Diabetic Retinopathy/train/images/IMAGE_00479.jpg,0
data/Diabetic Retinopathy/train/images/IMAGE_01352.png,0
data/Diabetic Retinopathy/train/images/IMAGE_01621.jpg,0
data/Diabetic Retinopathy/train/images/IMAGE_01032.png,2
data/Diabetic Retinopathy/train/images/IMAGE_01295.png,2
data/Diabetic Retinopathy/train/images/IMAGE_00623.png,4
data/Diabetic Retinopathy/train/images/IMAGE_00191.jpg,4
data/Diabetic Retinopathy/train/images/IMAGE_01487.png,3
data/Diabetic Retinopathy/train/images/IMAGE_01840.jpg,0
data/Diabetic Retinopathy/train/images/IMAGE_02202.jpg,0
data/Diabetic Retinopathy/train/images/IMAGE_00620.png,2
data/Diabetic Retinopathy/train/images/IMAGE_00043.jpg,0
data/Diabetic Retinopathy/train/images/IMAGE_01735.jpg,0
data/Diabetic Retinopathy/train/images/IMAGE_02147.jpg,0
data/Diabetic Retinopathy/train/images/IMAGE_00807.png,2
data/Diabetic Retinopathy/train/images/IMAGE_01522.png,0
data/Diabetic Retinopathy/train/images/IMAGE_01651.jpg,0
data/Diabetic Retinopathy/train/images/IMAGE_02014.jpg,0
data/Diabetic Retinopathy/train/images/IMAGE_01674.jpg,0
data/Diabetic Retinopathy/train/images/IMAGE_01255.png,0
data/Diabetic Retinopathy/train/images/IMAGE_00637.png,0
data/Diabetic Retinopathy/train/images/IMAGE_00290.jpg,2
data/Diabetic Retinopathy/train/images/IMAGE_02010.jpg,0
data/Diabetic Retinopathy/train/images/IMAGE_00796.png,2
data/Diabetic Retinopathy/train/images/IMAGE_01760.jpg,0
data/Diabetic Retinopathy/train/images/IMAGE_00757.png,0
data/Diabetic Retinopathy/train/images/IMAGE_00050.jpg,0
data/Diabetic Retinopathy/train/images/IMAGE_00154.jpg,2
data/Diabetic Retinopathy/train/images/IMAGE_01157.png,0
data/Diabetic Retinopathy/train/images/IMAGE_01699.jpg,0
data/Diabetic Retinopathy/train/images/IMAGE_00671.png,2
data/Diabetic Retinopathy/train/images/IMAGE_00139.jpg,2
data/Diabetic Retinopathy/train/images/IMAGE_02175.jpg,0
data/Diabetic Retinopathy/train/images/IMAGE_00178.jpg,2
data/Diabetic Retinopathy/train/images/IMAGE_01744.jpg,0
data/Diabetic Retinopathy/train/images/IMAGE_00882.png,0
data/Diabetic Retinopathy/train/images/IMAGE_00339.jpg,2
data/Diabetic Retinopathy/train/images/IMAGE_01383.png,1
data/Diabetic Retinopathy/train/images/IMAGE_00268.jpg,0
data/Diabetic Retinopathy/train/images/IMAGE_00926.png,4
data/Diabetic Retinopathy/train/images/IMAGE_00042.jpg,3
data/Diabetic Retinopathy/train/images/IMAGE_01057.png,2
data/Diabetic Retinopathy/train/images/IMAGE_00361.jpg,0
data/Diabetic Retinopathy/train/images/IMAGE_01269.png,2
data/Diabetic Retinopathy/train/images/IMAGE_00818.png,2
data/Diabetic Retinopathy/train/images/IMAGE_00129.jpg,4
data/Diabetic Retinopathy/train/images/IMAGE_01628.jpg,0
data/Diabetic Retinopathy/train/images/IMAGE_00375.jpg,0
data/Diabetic Retinopathy/train/images/IMAGE_00330.jpg,0
data/Diabetic Retinopathy/train/images/IMAGE_01951.jpg,1
data/Diabetic Retinopathy/train/images/IMAGE_00110.jpg,4
data/Diabetic Retinopathy/train/images/IMAGE_01044.png,0
data/Diabetic Retinopathy/train/images/IMAGE_00026.jpg,3
data/Diabetic Retinopathy/train/images/IMAGE_00254.jpg,0
data/Diabetic Retinopathy/train/images/IMAGE_01606.jpg,0
data/Diabetic Retinopathy/train/images/IMAGE_02221.jpg,0
data/Diabetic Retinopathy/train/images/IMAGE_01042.png,0
data/Diabetic Retinopathy/train/images/IMAGE_02047.jpg,4
data/Diabetic Retinopathy/train/images/IMAGE_00059.jpg,2
data/Diabetic Retinopathy/train/images/IMAGE_01031.png,2
data/Diabetic Retinopathy/train/images/IMAGE_02000.jpg,0
data/Diabetic Retinopathy/train/images/IMAGE_00016.jpg,3
data/Diabetic Retinopathy/train/images/IMAGE_00837.png,2
data/Diabetic Retinopathy/train/images/IMAGE_01261.png,0
data/Diabetic Retinopathy/train/images/IMAGE_00244.jpg,0
data/Diabetic Retinopathy/train/images/IMAGE_00594.png,0
data/Diabetic Retinopathy/train/images/IMAGE_02243.jpg,0
data/Diabetic Retinopathy/train/images/IMAGE_00469.jpg,0
data/Diabetic Retinopathy/train/images/IMAGE_02210.jpg,0
data/Diabetic Retinopathy/train/images/IMAGE_01258.png,0
data/Diabetic Retinopathy/train/images/IMAGE_01771.jpg,2
data/Diabetic Retinopathy/train/images/IMAGE_00161.jpg,2
data/Diabetic Retinopathy/train/images/IMAGE_00437.jpg,2
data/Diabetic Retinopathy/train/images/IMAGE_01889.jpg,0
data/Diabetic Retinopathy/train/images/IMAGE_02022.jpg,0
data/Diabetic Retinopathy/train/images/IMAGE_01643.jpg,0
data/Diabetic Retinopathy/train/images/IMAGE_00351.jpg,0
data/Diabetic Retinopathy/train/images/IMAGE_01023.png,3
data/Diabetic Retinopathy/train/images/IMAGE_00363.jpg,2
data/Diabetic Retinopathy/train/images/IMAGE_01409.png,2
data/Diabetic Retinopathy/train/images/IMAGE_00491.jpg,4
data/Diabetic Retinopathy/train/images/IMAGE_00097.jpg,0
data/Diabetic Retinopathy/train/images/IMAGE_01369.png,0
data/Diabetic Retinopathy/train/images/IMAGE_02158.jpg,2
data/Diabetic Retinopathy/train/images/IMAGE_00876.png,1
data/Diabetic Retinopathy/train/images/IMAGE_01893.jpg,0
data/Diabetic Retinopathy/train/images/IMAGE_00559.png,0
data/Diabetic Retinopathy/train/images/IMAGE_01747.jpg,0
data/Diabetic Retinopathy/train/images/IMAGE_00860.png,0
data/Diabetic Retinopathy/train/images/IMAGE_01043.png,1
data/Diabetic Retinopathy/train/images/IMAGE_00640.png,0
data/Diabetic Retinopathy/train/images/IMAGE_01844.jpg,0
data/Diabetic Retinopathy/train/images/IMAGE_01581.jpg,2
data/Diabetic Retinopathy/train/images/IMAGE_01830.jpg,0
data/Diabetic Retinopathy/train/images/IMAGE_01619.jpg,0
data/Diabetic Retinopathy/train/images/IMAGE_00495.jpg,2
data/Diabetic Retinopathy/train/images/IMAGE_00868.png,0
data/Diabetic Retinopathy/train/images/IMAGE_02080.jpg,1
data/Diabetic Retinopathy/train/images/IMAGE_01815.jpg,0
data/Diabetic Retinopathy/train/images/IMAGE_01923.jpg,0
data/Diabetic Retinopathy/train/images/IMAGE_01989.jpg,0
data/Diabetic Retinopathy/train/images/IMAGE_00896.png,2
data/Diabetic Retinopathy/train/images/IMAGE_01181.png,1
data/Diabetic Retinopathy/train/images/IMAGE_00592.png,2
data/Diabetic Retinopathy/train/images/IMAGE_00368.jpg,1
data/Diabetic Retinopathy/train/images/IMAGE_01652.jpg,1
data/Diabetic Retinopathy/train/images/IMAGE_00399.jpg,0
data/Diabetic Retinopathy/train/images/IMAGE_01708.jpg,0
data/Diabetic Retinopathy/train/images/IMAGE_01820.jpg,0
data/Diabetic Retinopathy/train/images/IMAGE_00959.png,3
data/Diabetic Retinopathy/train/images/IMAGE_01420.png,0
data/Diabetic Retinopathy/train/images/IMAGE_01359.png,2
data/Diabetic Retinopathy/train/images/IMAGE_00680.png,2
data/Diabetic Retinopathy/train/images/IMAGE_01719.jpg,0
data/Diabetic Retinopathy/train/images/IMAGE_01188.png,3
data/Diabetic Retinopathy/train/images/IMAGE_00627.png,1
data/Diabetic Retinopathy/train/images/IMAGE_01638.jpg,0
data/Diabetic Retinopathy/train/images/IMAGE_00729.png,1
data/Diabetic Retinopathy/train/images/IMAGE_00982.png,3
data/Diabetic Retinopathy/train/images/IMAGE_01279.png,2
data/Diabetic Retinopathy/train/images/IMAGE_01670.jpg,0
data/Diabetic Retinopathy/train/images/IMAGE_00058.jpg,0
data/Diabetic Retinopathy/train/images/IMAGE_01867.jpg,2
data/Diabetic Retinopathy/train/images/IMAGE_00417.jpg,0
data/Diabetic Retinopathy/train/images/IMAGE_01797.jpg,0
data/Diabetic Retinopathy/train/images/IMAGE_01725.jpg,2
data/Diabetic Retinopathy/train/images/IMAGE_01589.jpg,0
data/Diabetic Retinopathy/train/images/IMAGE_00831.png,2
data/Diabetic Retinopathy/train/images/IMAGE_00259.jpg,0
data/Diabetic Retinopathy/train/images/IMAGE_01433.png,0
data/Diabetic Retinopathy/train/images/IMAGE_00324.jpg,0
data/Diabetic Retinopathy/train/images/IMAGE_01024.png,3
data/Diabetic Retinopathy/train/images/IMAGE_02229.jpg,0
data/Diabetic Retinopathy/train/images/IMAGE_00038.jpg,0
data/Diabetic Retinopathy/train/images/IMAGE_00090.jpg,2
data/Diabetic Retinopathy/train/images/IMAGE_00141.jpg,3
data/Diabetic Retinopathy/train/images/IMAGE_02035.jpg,1
data/Diabetic Retinopathy/train/images/IMAGE_01097.png,2
data/Diabetic Retinopathy/train/images/IMAGE_01148.png,1
data/Diabetic Retinopathy/train/images/IMAGE_00706.png,1
data/Diabetic Retinopathy/train/images/IMAGE_02131.jpg,0
data/Diabetic Retinopathy/train/images/IMAGE_01819.jpg,0
data/Diabetic Retinopathy/train/images/IMAGE_01376.png,0
data/Diabetic Retinopathy/train/images/IMAGE_00428.jpg,2
data/Diabetic Retinopathy/train/images/IMAGE_00790.png,1
data/Diabetic Retinopathy/train/images/IMAGE_01808.jpg,0
data/Diabetic Retinopathy/train/images/IMAGE_01108.png,0
data/Diabetic Retinopathy/train/images/IMAGE_01320.png,2
data/Diabetic Retinopathy/train/images/IMAGE_02143.jpg,0
data/Diabetic Retinopathy/train/images/IMAGE_02165.jpg,0
data/Diabetic Retinopathy/train/images/IMAGE_00931.png,1
data/Diabetic Retinopathy/train/images/IMAGE_01049.png,0
data/Diabetic Retinopathy/train/images/IMAGE_00388.jpg,0
data/Diabetic Retinopathy/train/images/IMAGE_00521.png,2
data/Diabetic Retinopathy/train/images/IMAGE_00691.png,0
data/Diabetic Retinopathy/train/images/IMAGE_00945.png,0
data/Diabetic Retinopathy/train/images/IMAGE_01859.jpg,0
data/Diabetic Retinopathy/train/images/IMAGE_01448.png,0
data/Diabetic Retinopathy/train/images/IMAGE_00229.jpg,2
data/Diabetic Retinopathy/train/images/IMAGE_01654.jpg,0
data/Diabetic Retinopathy/train/images/IMAGE_01067.png,2
data/Diabetic Retinopathy/train/images/IMAGE_02197.jpg,0
data/Diabetic Retinopathy/train/images/IMAGE_02104.jpg,0
data/Diabetic Retinopathy/train/images/IMAGE_00108.jpg,4
data/Diabetic Retinopathy/train/images/IMAGE_00527.png,2
data/Diabetic Retinopathy/train/images/IMAGE_01802.jpg,1
data/Diabetic Retinopathy/train/images/IMAGE_00323.jpg,0
data/Diabetic Retinopathy/train/images/IMAGE_00808.png,2
data/Diabetic Retinopathy/train/images/IMAGE_00638.png,1
data/Diabetic Retinopathy/train/images/IMAGE_01331.png,1
data/Diabetic Retinopathy/train/images/IMAGE_00998.png,0
data/Diabetic Retinopathy/train/images/IMAGE_00140.jpg,2
data/Diabetic Retinopathy/train/images/IMAGE_01090.png,0
data/Diabetic Retinopathy/train/images/IMAGE_01069.png,0
data/Diabetic Retinopathy/train/images/IMAGE_00004.jpg,4
data/Diabetic Retinopathy/train/images/IMAGE_00208.jpg,2
data/Diabetic Retinopathy/train/images/IMAGE_00862.png,0
data/Diabetic Retinopathy/train/images/IMAGE_01194.png,1
data/Diabetic Retinopathy/train/images/IMAGE_00489.jpg,4
data/Diabetic Retinopathy/train/images/IMAGE_00434.jpg,0
data/Diabetic Retinopathy/train/images/IMAGE_01030.png,0
data/Diabetic Retinopathy/train/images/IMAGE_01969.jpg,0
data/Diabetic Retinopathy/train/images/IMAGE_00969.png,0
data/Diabetic Retinopathy/train/images/IMAGE_01236.png,0
data/Diabetic Retinopathy/train/images/IMAGE_01558.png,1
data/Diabetic Retinopathy/train/images/IMAGE_00776.png,0
data/Diabetic Retinopathy/train/images/IMAGE_01001.png,2
data/Diabetic Retinopathy/train/images/IMAGE_01133.png,1
data/Diabetic Retinopathy/train/images/IMAGE_01508.png,0
data/Diabetic Retinopathy/train/images/IMAGE_00874.png,0
data/Diabetic Retinopathy/train/images/IMAGE_01259.png,0
data/Diabetic Retinopathy/train/images/IMAGE_00073.jpg,1
data/Diabetic Retinopathy/train/images/IMAGE_00585.png,0
data/Diabetic Retinopathy/train/images/IMAGE_01921.jpg,0
data/Diabetic Retinopathy/train/images/IMAGE_02214.jpg,2
data/Diabetic Retinopathy/train/images/IMAGE_00002.jpg,4
data/Diabetic Retinopathy/train/images/IMAGE_01034.png,0
data/Diabetic Retinopathy/train/images/IMAGE_01225.png,2
data/Diabetic Retinopathy/train/images/IMAGE_00498.jpg,2
data/Diabetic Retinopathy/train/images/IMAGE_02078.jpg,0
data/Diabetic Retinopathy/train/images/IMAGE_02138.jpg,0
data/Diabetic Retinopathy/train/images/IMAGE_02224.jpg,0
data/Diabetic Retinopathy/train/images/IMAGE_00606.png,3
data/Diabetic Retinopathy/train/images/IMAGE_01144.png,0
data/Diabetic Retinopathy/train/images/IMAGE_01593.jpg,0
data/Diabetic Retinopathy/train/images/IMAGE_00833.png,2
data/Diabetic Retinopathy/train/images/IMAGE_01548.png,2
data/Diabetic Retinopathy/train/images/IMAGE_01469.png,0
data/Diabetic Retinopathy/train/images/IMAGE_01510.png,3
data/Diabetic Retinopathy/train/images/IMAGE_01818.jpg,0
data/Diabetic Retinopathy/train/images/IMAGE_00773.png,0
data/Diabetic Retinopathy/train/images/IMAGE_01883.jpg,0
data/Diabetic Retinopathy/train/images/IMAGE_01102.png,0
data/Diabetic Retinopathy/train/images/IMAGE_01561.png,2
data/Diabetic Retinopathy/train/images/IMAGE_00908.png,2
data/Diabetic Retinopathy/train/images/IMAGE_00851.png,0
data/Diabetic Retinopathy/train/images/IMAGE_00315.jpg,0
data/Diabetic Retinopathy/train/images/IMAGE_00613.png,0
data/Diabetic Retinopathy/train/images/IMAGE_01899.jpg,0
data/Diabetic Retinopathy/train/images/IMAGE_01272.png,0
data/Diabetic Retinopathy/train/images/IMAGE_01040.png,0
data/Diabetic Retinopathy/train/images/IMAGE_01625.jpg,1
data/Diabetic Retinopathy/train/images/IMAGE_00676.png,2
data/Diabetic Retinopathy/train/images/IMAGE_01266.png,3
data/Diabetic Retinopathy/train/images/IMAGE_01245.png,2
data/Diabetic Retinopathy/train/images/IMAGE_01391.png,2
data/Diabetic Retinopathy/train/images/IMAGE_00300.jpg,1
data/Diabetic Retinopathy/train/images/IMAGE_01675.jpg,0
data/Diabetic Retinopathy/train/images/IMAGE_01731.jpg,0
data/Diabetic Retinopathy/train/images/IMAGE_01931.jpg,1
data/Diabetic Retinopathy/train/images/IMAGE_01563.png,1
data/Diabetic Retinopathy/train/images/IMAGE_01453.png,0
data/Diabetic Retinopathy/train/images/IMAGE_00197.jpg,3
data/Diabetic Retinopathy/train/images/IMAGE_01472.png,2
data/Diabetic Retinopathy/train/images/IMAGE_00496.jpg,0
data/Diabetic Retinopathy/train/images/IMAGE_01027.png,2
data/Diabetic Retinopathy/train/images/IMAGE_02042.jpg,0
data/Diabetic Retinopathy/train/images/IMAGE_02122.jpg,0
data/Diabetic Retinopathy/train/images/IMAGE_01529.png,0
data/Diabetic Retinopathy/train/images/IMAGE_00051.jpg,2
data/Diabetic Retinopathy/train/images/IMAGE_01492.png,2
data/Diabetic Retinopathy/train/images/IMAGE_00166.jpg,2
data/Diabetic Retinopathy/train/images/IMAGE_00848.png,0
data/Diabetic Retinopathy/train/images/IMAGE_01554.png,2
data/Diabetic Retinopathy/train/images/IMAGE_00954.png,0
data/Diabetic Retinopathy/train/images/IMAGE_00113.jpg,3
data/Diabetic Retinopathy/train/images/IMAGE_01213.png,1
data/Diabetic Retinopathy/train/images/IMAGE_02181.jpg,0
data/Diabetic Retinopathy/train/images/IMAGE_00374.jpg,4
data/Diabetic Retinopathy/train/images/IMAGE_00886.png,2
data/Diabetic Retinopathy/train/images/IMAGE_00409.jpg,3
data/Diabetic Retinopathy/train/images/IMAGE_00793.png,1
data/Diabetic Retinopathy/train/images/IMAGE_01530.png,2
data/Diabetic Retinopathy/train/images/IMAGE_01217.png,2
data/Diabetic Retinopathy/train/images/IMAGE_01351.png,1
data/Diabetic Retinopathy/train/images/IMAGE_00231.jpg,2
data/Diabetic Retinopathy/train/images/IMAGE_00863.png,1
data/Diabetic Retinopathy/train/images/IMAGE_00591.png,2
data/Diabetic Retinopathy/train/images/IMAGE_00297.jpg,0
data/Diabetic Retinopathy/train/images/IMAGE_02025.jpg,0
data/Diabetic Retinopathy/train/images/IMAGE_01513.png,1
data/Diabetic Retinopathy/train/images/IMAGE_00078.jpg,2
data/Diabetic Retinopathy/train/images/IMAGE_02199.jpg,0
data/Diabetic Retinopathy/train/images/IMAGE_01218.png,2
data/Diabetic Retinopathy/train/images/IMAGE_01569.jpg,1
data/Diabetic Retinopathy/train/images/IMAGE_00914.png,0
data/Diabetic Retinopathy/train/images/IMAGE_00697.png,0
data/Diabetic Retinopathy/train/images/IMAGE_01354.png,1
data/Diabetic Retinopathy/train/images/IMAGE_00460.jpg,4
data/Diabetic Retinopathy/train/images/IMAGE_01908.jpg,2
data/Diabetic Retinopathy/train/images/IMAGE_01622.jpg,0
data/Diabetic Retinopathy/train/images/IMAGE_00183.jpg,4
data/Diabetic Retinopathy/train/images/IMAGE_01664.jpg,0
data/Diabetic Retinopathy/train/images/IMAGE_01232.png,1
data/Diabetic Retinopathy/train/images/IMAGE_01363.png,2
data/Diabetic Retinopathy/train/images/IMAGE_00927.png,1
data/Diabetic Retinopathy/train/images/IMAGE_01026.png,3
data/Diabetic Retinopathy/train/images/IMAGE_00001.jpg,4
data/Diabetic Retinopathy/train/images/IMAGE_02169.jpg,0
data/Diabetic Retinopathy/train/images/IMAGE_00605.png,2
data/Diabetic Retinopathy/train/images/IMAGE_00787.png,0
data/Diabetic Retinopathy/train/images/IMAGE_01390.png,1
data/Diabetic Retinopathy/train/images/IMAGE_00653.png,0
data/Diabetic Retinopathy/train/images/IMAGE_01550.png,2
data/Diabetic Retinopathy/train/images/IMAGE_00422.jpg,3
data/Diabetic Retinopathy/train/images/IMAGE_01860.jpg,0
data/Diabetic Retinopathy/train/images/IMAGE_00503.jpg,0
data/Diabetic Retinopathy/train/images/IMAGE_00011.jpg,2
data/Diabetic Retinopathy/train/images/IMAGE_01476.png,3
data/Diabetic Retinopathy/train/images/IMAGE_00784.png,0
data/Diabetic Retinopathy/train/images/IMAGE_01228.png,2
data/Diabetic Retinopathy/train/images/IMAGE_01009.png,1
data/Diabetic Retinopathy/train/images/IMAGE_00798.png,1
data/Diabetic Retinopathy/train/images/IMAGE_02190.jpg,0
data/Diabetic Retinopathy/train/images/IMAGE_01254.png,0
data/Diabetic Retinopathy/train/images/IMAGE_01827.jpg,2
data/Diabetic Retinopathy/train/images/IMAGE_00418.jpg,0
data/Diabetic Retinopathy/train/images/IMAGE_01406.png,1
data/Diabetic Retinopathy/train/images/IMAGE_01307.png,0
data/Diabetic Retinopathy/train/images/IMAGE_01303.png,2
data/Diabetic Retinopathy/train/images/IMAGE_00730.png,0
data/Diabetic Retinopathy/train/images/IMAGE_00468.jpg,3
data/Diabetic Retinopathy/train/images/IMAGE_01316.png,2
data/Diabetic Retinopathy/train/images/IMAGE_00846.png,0
data/Diabetic Retinopathy/train/images/IMAGE_01273.png,0
data/Diabetic Retinopathy/train/images/IMAGE_00949.png,2
data/Diabetic Retinopathy/train/images/IMAGE_02108.jpg,0
data/Diabetic Retinopathy/train/images/IMAGE_00875.png,1
data/Diabetic Retinopathy/train/images/IMAGE_01408.png,2
data/Diabetic Retinopathy/train/images/IMAGE_02008.jpg,0
data/Diabetic Retinopathy/train/images/IMAGE_02027.jpg,0
data/Diabetic Retinopathy/train/images/IMAGE_01543.png,0
data/Diabetic Retinopathy/train/images/IMAGE_00415.jpg,3
data/Diabetic Retinopathy/train/images/IMAGE_00213.jpg,4
data/Diabetic Retinopathy/train/images/IMAGE_00840.png,0
data/Diabetic Retinopathy/train/images/IMAGE_00761.png,0
data/Diabetic Retinopathy/train/images/IMAGE_00816.png,2
data/Diabetic Retinopathy/train/images/IMAGE_00293.jpg,2
data/Diabetic Retinopathy/train/images/IMAGE_00924.png,0
data/Diabetic Retinopathy/train/images/IMAGE_00985.png,2
data/Diabetic Retinopathy/train/images/IMAGE_00899.png,2
data/Diabetic Retinopathy/train/images/IMAGE_02195.jpg,4
data/Diabetic Retinopathy/train/images/IMAGE_00512.png,1
data/Diabetic Retinopathy/train/images/IMAGE_00114.jpg,3
data/Diabetic Retinopathy/train/images/IMAGE_01488.png,3
data/Diabetic Retinopathy/train/images/IMAGE_00384.jpg,2
data/Diabetic Retinopathy/train/images/IMAGE_01967.jpg,0
data/Diabetic Retinopathy/train/images/IMAGE_00430.jpg,3
data/Diabetic Retinopathy/train/images/IMAGE_00778.png,0
data/Diabetic Retinopathy/train/images/IMAGE_00690.png,1
data/Diabetic Retinopathy/train/images/IMAGE_02034.jpg,0
data/Diabetic Retinopathy/train/images/IMAGE_02007.jpg,2
data/Diabetic Retinopathy/train/images/IMAGE_02102.jpg,1
data/Diabetic Retinopathy/train/images/IMAGE_00923.png,0
data/Diabetic Retinopathy/train/images/IMAGE_01946.jpg,0
data/Diabetic Retinopathy/train/images/IMAGE_01434.png,2
data/Diabetic Retinopathy/train/images/IMAGE_00561.png,4
data/Diabetic Retinopathy/train/images/IMAGE_00082.jpg,2
data/Diabetic Retinopathy/train/images/IMAGE_01980.jpg,2
data/Diabetic Retinopathy/train/images/IMAGE_00264.jpg,0
data/Diabetic Retinopathy/train/images/IMAGE_00774.png,0
data/Diabetic Retinopathy/train/images/IMAGE_00467.jpg,3
data/Diabetic Retinopathy/train/images/IMAGE_00327.jpg,0
data/Diabetic Retinopathy/train/images/IMAGE_01356.png,2
data/Diabetic Retinopathy/train/images/IMAGE_01280.png,2
data/Diabetic Retinopathy/train/images/IMAGE_00094.jpg,0
data/Diabetic Retinopathy/train/images/IMAGE_01333.png,1
data/Diabetic Retinopathy/train/images/IMAGE_00528.png,2
data/Diabetic Retinopathy/train/images/IMAGE_01088.png,0
data/Diabetic Retinopathy/train/images/IMAGE_01786.jpg,1
data/Diabetic Retinopathy/train/images/IMAGE_01918.jpg,0
data/Diabetic Retinopathy/train/images/IMAGE_01028.png,1
data/Diabetic Retinopathy/train/images/IMAGE_02105.jpg,0
data/Diabetic Retinopathy/train/images/IMAGE_01824.jpg,0
data/Diabetic Retinopathy/train/images/IMAGE_00727.png,0
data/Diabetic Retinopathy/train/images/IMAGE_01609.jpg,0
data/Diabetic Retinopathy/train/images/IMAGE_00091.jpg,0
data/Diabetic Retinopathy/train/images/IMAGE_00632.png,0
data/Diabetic Retinopathy/train/images/IMAGE_01792.jpg,3
data/Diabetic Retinopathy/train/images/IMAGE_01520.png,2
data/Diabetic Retinopathy/train/images/IMAGE_00299.jpg,0
data/Diabetic Retinopathy/train/images/IMAGE_00921.png,3
data/Diabetic Retinopathy/train/images/IMAGE_01416.png,0
data/Diabetic Retinopathy/train/images/IMAGE_00771.png,0
data/Diabetic Retinopathy/train/images/IMAGE_00349.jpg,2
data/Diabetic Retinopathy/train/images/IMAGE_02141.jpg,0
data/Diabetic Retinopathy/train/images/IMAGE_01467.png,0
data/Diabetic Retinopathy/train/images/IMAGE_01449.png,0
data/Diabetic Retinopathy/train/images/IMAGE_01556.png,0
data/Diabetic Retinopathy/train/images/IMAGE_02044.jpg,0
data/Diabetic Retinopathy/train/images/IMAGE_01184.png,2
data/Diabetic Retinopathy/train/images/IMAGE_01065.png,0
data/Diabetic Retinopathy/train/images/IMAGE_02230.jpg,0
data/Diabetic Retinopathy/train/images/IMAGE_00291.jpg,4
data/Diabetic Retinopathy/train/images/IMAGE_00869.png,0
data/Diabetic Retinopathy/train/images/IMAGE_01966.jpg,0
data/Diabetic Retinopathy/train/images/IMAGE_01163.png,2
data/Diabetic Retinopathy/train/images/IMAGE_01323.png,2
data/Diabetic Retinopathy/train/images/IMAGE_00803.png,2
data/Diabetic Retinopathy/train/images/IMAGE_00261.jpg,0
data/Diabetic Retinopathy/train/images/IMAGE_01215.png,2
data/Diabetic Retinopathy/train/images/IMAGE_01021.png,2
data/Diabetic Retinopathy/train/images/IMAGE_01360.png,0
data/Diabetic Retinopathy/train/images/IMAGE_01650.jpg,0
data/Diabetic Retinopathy/train/images/IMAGE_02156.jpg,0
data/Diabetic Retinopathy/train/images/IMAGE_00829.png,2
data/Diabetic Retinopathy/train/images/IMAGE_00835.png,3
data/Diabetic Retinopathy/train/images/IMAGE_00464.jpg,0
data/Diabetic Retinopathy/train/images/IMAGE_00531.png,3
data/Diabetic Retinopathy/train/images/IMAGE_00206.jpg,4
data/Diabetic Retinopathy/train/images/IMAGE_02093.jpg,1
data/Diabetic Retinopathy/train/images/IMAGE_00202.jpg,4
data/Diabetic Retinopathy/train/images/IMAGE_00780.png,0
data/Diabetic Retinopathy/train/images/IMAGE_00283.jpg,0
data/Diabetic Retinopathy/train/images/IMAGE_01732.jpg,0
data/Diabetic Retinopathy/train/images/IMAGE_01364.png,2
data/Diabetic Retinopathy/train/images/IMAGE_00543.png,2
data/Diabetic Retinopathy/train/images/IMAGE_02049.jpg,0
data/Diabetic Retinopathy/train/images/IMAGE_00436.jpg,2
data/Diabetic Retinopathy/train/images/IMAGE_02056.jpg,0
data/Diabetic Retinopathy/train/images/IMAGE_00689.png,0
data/Diabetic Retinopathy/train/images/IMAGE_00809.png,1
data/Diabetic Retinopathy/train/images/IMAGE_00035.jpg,3
data/Diabetic Retinopathy/train/images/IMAGE_00120.jpg,2
data/Diabetic Retinopathy/train/images/IMAGE_00279.jpg,0
data/Diabetic Retinopathy/train/images/IMAGE_01954.jpg,0
data/Diabetic Retinopathy/train/images/IMAGE_00683.png,0
data/Diabetic Retinopathy/train/images/IMAGE_01426.png,0
data/Diabetic Retinopathy/train/images/IMAGE_01187.png,2
data/Diabetic Retinopathy/train/images/IMAGE_00900.png,4
data/Diabetic Retinopathy/train/images/IMAGE_01286.png,0
data/Diabetic Retinopathy/train/images/IMAGE_02091.jpg,0
data/Diabetic Retinopathy/train/images/IMAGE_00018.jpg,3
data/Diabetic Retinopathy/train/images/IMAGE_01758.jpg,0
data/Diabetic Retinopathy/train/images/IMAGE_02087.jpg,0
data/Diabetic Retinopathy/train/images/IMAGE_00669.png,1
data/Diabetic Retinopathy/train/images/IMAGE_00087.jpg,2
data/Diabetic Retinopathy/train/images/IMAGE_01146.png,0
data/Diabetic Retinopathy/train/images/IMAGE_00842.png,0
data/Diabetic Retinopathy/train/images/IMAGE_01062.png,0
data/Diabetic Retinopathy/train/images/IMAGE_01459.png,0
data/Diabetic Retinopathy/train/images/IMAGE_00398.jpg,0
data/Diabetic Retinopathy/train/images/IMAGE_01289.png,3
data/Diabetic Retinopathy/train/images/IMAGE_02203.jpg,0
data/Diabetic Retinopathy/train/images/IMAGE_00487.jpg,4
data/Diabetic Retinopathy/train/images/IMAGE_00356.jpg,4
data/Diabetic Retinopathy/train/images/IMAGE_01494.png,3
data/Diabetic Retinopathy/train/images/IMAGE_00675.png,2
data/Diabetic Retinopathy/train/images/IMAGE_00742.png,0
data/Diabetic Retinopathy/train/images/IMAGE_01038.png,0
data/Diabetic Retinopathy/train/images/IMAGE_01345.png,2
data/Diabetic Retinopathy/train/images/IMAGE_01456.png,0
data/Diabetic Retinopathy/train/images/IMAGE_01506.png,2
data/Diabetic Retinopathy/train/images/IMAGE_00735.png,0
data/Diabetic Retinopathy/train/images/IMAGE_02153.jpg,2
data/Diabetic Retinopathy/train/images/IMAGE_01036.png,0
data/Diabetic Retinopathy/train/images/IMAGE_02237.jpg,0
data/Diabetic Retinopathy/train/images/IMAGE_01865.jpg,2
data/Diabetic Retinopathy/train/images/IMAGE_00012.jpg,2
data/Diabetic Retinopathy/train/images/IMAGE_02121.jpg,0
data/Diabetic Retinopathy/train/images/IMAGE_02130.jpg,0
data/Diabetic Retinopathy/train/images/IMAGE_01894.jpg,1
data/Diabetic Retinopathy/train/images/IMAGE_01961.jpg,0
data/Diabetic Retinopathy/train/images/IMAGE_01955.jpg,0
data/Diabetic Retinopathy/train/images/IMAGE_01842.jpg,0
data/Diabetic Retinopathy/train/images/IMAGE_01582.jpg,0
data/Diabetic Retinopathy/train/images/IMAGE_02191.jpg,0
data/Diabetic Retinopathy/train/images/IMAGE_01767.jpg,1
data/Diabetic Retinopathy/train/images/IMAGE_01752.jpg,0
data/Diabetic Retinopathy/train/images/IMAGE_00839.png,0
data/Diabetic Retinopathy/train/images/IMAGE_01329.png,1
data/Diabetic Retinopathy/train/images/IMAGE_01667.jpg,0
data/Diabetic Retinopathy/train/images/IMAGE_00226.jpg,2
data/Diabetic Retinopathy/train/images/IMAGE_00347.jpg,2
data/Diabetic Retinopathy/train/images/IMAGE_02217.jpg,0
data/Diabetic Retinopathy/train/images/IMAGE_01350.png,2
data/Diabetic Retinopathy/train/images/IMAGE_00125.jpg,3
data/Diabetic Retinopathy/train/images/IMAGE_01774.jpg,0
data/Diabetic Retinopathy/train/images/IMAGE_00673.png,2
data/Diabetic Retinopathy/train/images/IMAGE_00505.jpg,1
data/Diabetic Retinopathy/train/images/IMAGE_02126.jpg,0
data/Diabetic Retinopathy/train/images/IMAGE_01051.png,1
data/Diabetic Retinopathy/train/images/IMAGE_01016.png,1
data/Diabetic Retinopathy/train/images/IMAGE_01521.png,2
data/Diabetic Retinopathy/train/images/IMAGE_01471.png,3
data/Diabetic Retinopathy/train/images/IMAGE_00007.jpg,3
data/Diabetic Retinopathy/train/images/IMAGE_01580.jpg,2
data/Diabetic Retinopathy/train/images/IMAGE_01729.jpg,0
data/Diabetic Retinopathy/train/images/IMAGE_01718.jpg,0
data/Diabetic Retinopathy/train/images/IMAGE_01763.jpg,1
data/Diabetic Retinopathy/train/images/IMAGE_01535.png,2
data/Diabetic Retinopathy/train/images/IMAGE_00779.png,0
data/Diabetic Retinopathy/train/images/IMAGE_00962.png,2
data/Diabetic Retinopathy/train/images/IMAGE_01949.jpg,2
data/Diabetic Retinopathy/train/images/IMAGE_01607.jpg,0
data/Diabetic Retinopathy/train/images/IMAGE_00391.jpg,1
data/Diabetic Retinopathy/train/images/IMAGE_01335.png,0
data/Diabetic Retinopathy/train/images/IMAGE_01291.png,0
data/Diabetic Retinopathy/train/images/IMAGE_00408.jpg,0
data/Diabetic Retinopathy/train/images/IMAGE_00046.jpg,2
data/Diabetic Retinopathy/train/images/IMAGE_00014.jpg,3
data/Diabetic Retinopathy/train/images/IMAGE_01972.jpg,0
data/Diabetic Retinopathy/train/images/IMAGE_00077.jpg,0
data/Diabetic Retinopathy/train/images/IMAGE_02009.jpg,2
data/Diabetic Retinopathy/train/images/IMAGE_00922.png,2
data/Diabetic Retinopathy/train/images/IMAGE_00529.png,0
data/Diabetic Retinopathy/train/images/IMAGE_00636.png,0
data/Diabetic Retinopathy/train/images/IMAGE_00201.jpg,3
data/Diabetic Retinopathy/train/images/IMAGE_01048.png,2
data/Diabetic Retinopathy/train/images/IMAGE_01089.png,0
data/Diabetic Retinopathy/train/images/IMAGE_01778.jpg,0
data/Diabetic Retinopathy/train/images/IMAGE_01326.png,2
data/Diabetic Retinopathy/train/images/IMAGE_01068.png,2
data/Diabetic Retinopathy/train/images/IMAGE_01443.png,3
data/Diabetic Retinopathy/train/images/IMAGE_01283.png,2
data/Diabetic Retinopathy/train/images/IMAGE_01959.jpg,0
data/Diabetic Retinopathy/train/images/IMAGE_00237.jpg,2
data/Diabetic Retinopathy/train/images/IMAGE_00052.jpg,0
data/Diabetic Retinopathy/train/images/IMAGE_00999.png,0
data/Diabetic Retinopathy/train/images/IMAGE_00095.jpg,0
data/Diabetic Retinopathy/train/images/IMAGE_00215.jpg,2
data/Diabetic Retinopathy/train/images/IMAGE_01353.png,0
data/Diabetic Retinopathy/train/images/IMAGE_01431.png,2
data/Diabetic Retinopathy/train/images/IMAGE_02218.jpg,0
data/Diabetic Retinopathy/train/images/IMAGE_00510.jpg,2
data/Diabetic Retinopathy/train/images/IMAGE_00764.png,0
data/Diabetic Retinopathy/train/images/IMAGE_00660.png,1
data/Diabetic Retinopathy/train/images/IMAGE_01695.jpg,1
data/Diabetic Retinopathy/train/images/IMAGE_00589.png,1
data/Diabetic Retinopathy/train/images/IMAGE_01602.jpg,0
data/Diabetic Retinopathy/train/images/IMAGE_01500.png,0
data/Diabetic Retinopathy/train/images/IMAGE_01534.png,2
data/Diabetic Retinopathy/train/images/IMAGE_02081.jpg,3
data/Diabetic Retinopathy/train/images/IMAGE_01964.jpg,4
data/Diabetic Retinopathy/train/images/IMAGE_01765.jpg,0
data/Diabetic Retinopathy/train/images/IMAGE_00184.jpg,2
data/Diabetic Retinopathy/train/images/IMAGE_02092.jpg,0
data/Diabetic Retinopathy/train/images/IMAGE_01224.png,2
data/Diabetic Retinopathy/train/images/IMAGE_00939.png,2
data/Diabetic Retinopathy/train/images/IMAGE_01706.jpg,0
data/Diabetic Retinopathy/train/images/IMAGE_01618.jpg,0
data/Diabetic Retinopathy/train/images/IMAGE_00555.png,2
data/Diabetic Retinopathy/train/images/IMAGE_01588.jpg,0
data/Diabetic Retinopathy/train/images/IMAGE_02023.jpg,0
data/Diabetic Retinopathy/train/images/IMAGE_00284.jpg,0
data/Diabetic Retinopathy/train/images/IMAGE_01637.jpg,1
data/Diabetic Retinopathy/train/images/IMAGE_01834.jpg,0
data/Diabetic Retinopathy/train/images/IMAGE_00904.png,1
data/Diabetic Retinopathy/train/images/IMAGE_00720.png,0
data/Diabetic Retinopathy/train/images/IMAGE_00060.jpg,3
data/Diabetic Retinopathy/train/images/IMAGE_01813.jpg,0
data/Diabetic Retinopathy/train/images/IMAGE_00104.jpg,3
data/Diabetic Retinopathy/train/images/IMAGE_00964.png,3
data/Diabetic Retinopathy/train/images/IMAGE_00126.jpg,4
data/Diabetic Retinopathy/train/images/IMAGE_00766.png,0
data/Diabetic Retinopathy/train/images/IMAGE_00190.jpg,3
data/Diabetic Retinopathy/train/images/IMAGE_01504.png,2
data/Diabetic Retinopathy/train/images/IMAGE_01753.jpg,0
data/Diabetic Retinopathy/train/images/IMAGE_00877.png,0
data/Diabetic Retinopathy/train/images/IMAGE_00849.png,0
data/Diabetic Retinopathy/train/images/IMAGE_01263.png,1
data/Diabetic Retinopathy/train/images/IMAGE_01891.jpg,0
data/Diabetic Retinopathy/train/images/IMAGE_01463.png,0
data/Diabetic Retinopathy/train/images/IMAGE_01583.jpg,0
data/Diabetic Retinopathy/train/images/IMAGE_01485.png,1
data/Diabetic Retinopathy/train/images/IMAGE_01555.png,2
data/Diabetic Retinopathy/train/images/IMAGE_00695.png,0
data/Diabetic Retinopathy/train/images/IMAGE_00172.jpg,4
data/Diabetic Retinopathy/train/images/IMAGE_02209.jpg,0
data/Diabetic Retinopathy/train/images/IMAGE_01932.jpg,0
data/Diabetic Retinopathy/train/images/IMAGE_00029.jpg,0
data/Diabetic Retinopathy/train/images/IMAGE_01636.jpg,1
data/Diabetic Retinopathy/train/images/IMAGE_00516.png,0
data/Diabetic Retinopathy/train/images/IMAGE_01106.png,0
data/Diabetic Retinopathy/train/images/IMAGE_02076.jpg,0
data/Diabetic Retinopathy/train/images/IMAGE_00956.png,0
data/Diabetic Retinopathy/train/images/IMAGE_00713.png,0
data/Diabetic Retinopathy/train/images/IMAGE_00039.jpg,0
data/Diabetic Retinopathy/train/images/IMAGE_01571.jpg,0
data/Diabetic Retinopathy/train/images/IMAGE_00401.jpg,2
data/Diabetic Retinopathy/train/images/IMAGE_02248.jpg,0
data/Diabetic Retinopathy/train/images/IMAGE_00400.jpg,3
data/Diabetic Retinopathy/train/images/IMAGE_00686.png,0
data/Diabetic Retinopathy/train/images/IMAGE_01158.png,0
data/Diabetic Retinopathy/train/images/IMAGE_01906.jpg,0
data/Diabetic Retinopathy/train/images/IMAGE_00287.jpg,2
data/Diabetic Retinopathy/train/images/IMAGE_01412.png,2
data/Diabetic Retinopathy/train/images/IMAGE_01847.jpg,0
data/Diabetic Retinopathy/train/images/IMAGE_01050.png,0
data/Diabetic Retinopathy/train/images/IMAGE_01035.png,0
data/Diabetic Retinopathy/train/images/IMAGE_02159.jpg,2
data/Diabetic Retinopathy/train/images/IMAGE_00246.jpg,0
data/Diabetic Retinopathy/train/images/IMAGE_00309.jpg,3
data/Diabetic Retinopathy/train/images/IMAGE_01541.png,0
data/Diabetic Retinopathy/train/images/IMAGE_01238.png,1
data/Diabetic Retinopathy/train/images/IMAGE_01482.png,0
data/Diabetic Retinopathy/train/images/IMAGE_02045.jpg,1
data/Diabetic Retinopathy/train/images/IMAGE_02250.jpg,0
data/Diabetic Retinopathy/train/images/IMAGE_00289.jpg,2
data/Diabetic Retinopathy/train/images/IMAGE_01311.png,1
data/Diabetic Retinopathy/train/images/IMAGE_02150.jpg,0
data/Diabetic Retinopathy/train/images/IMAGE_01070.png,0
data/Diabetic Retinopathy/train/images/IMAGE_01393.png,4
data/Diabetic Retinopathy/train/images/IMAGE_00063.jpg,1
data/Diabetic Retinopathy/train/images/IMAGE_02166.jpg,0
data/Diabetic Retinopathy/train/images/IMAGE_01900.jpg,0
data/Diabetic Retinopathy/train/images/IMAGE_00214.jpg,3
data/Diabetic Retinopathy/train/images/IMAGE_00633.png,0
data/Diabetic Retinopathy/train/images/IMAGE_01782.jpg,1
data/Diabetic Retinopathy/train/images/IMAGE_00995.png,0
data/Diabetic Retinopathy/train/images/IMAGE_00472.jpg,0
data/Diabetic Retinopathy/train/images/IMAGE_02031.jpg,0
data/Diabetic Retinopathy/train/images/IMAGE_01677.jpg,0
data/Diabetic Retinopathy/train/images/IMAGE_00354.jpg,2
data/Diabetic Retinopathy/train/images/IMAGE_00872.png,0
data/Diabetic Retinopathy/train/images/IMAGE_01478.png,2
data/Diabetic Retinopathy/train/images/IMAGE_00267.jpg,0
data/Diabetic Retinopathy/train/images/IMAGE_01321.png,1
data/Diabetic Retinopathy/train/images/IMAGE_01965.jpg,0
data/Diabetic Retinopathy/train/images/IMAGE_00312.jpg,0
data/Diabetic Retinopathy/train/images/IMAGE_00096.jpg,0
data/Diabetic Retinopathy/train/images/IMAGE_01925.jpg,0
data/Diabetic Retinopathy/train/images/IMAGE_00880.png,0
data/Diabetic Retinopathy/train/images/IMAGE_01700.jpg,0
data/Diabetic Retinopathy/train/images/IMAGE_02228.jpg,0
data/Diabetic Retinopathy/train/images/IMAGE_00670.png,2
data/Diabetic Retinopathy/train/images/IMAGE_01841.jpg,0
data/Diabetic Retinopathy/train/images/IMAGE_01856.jpg,0
data/Diabetic Retinopathy/train/images/IMAGE_01825.jpg,0
data/Diabetic Retinopathy/train/images/IMAGE_01153.png,0
data/Diabetic Retinopathy/train/images/IMAGE_00719.png,0
data/Diabetic Retinopathy/train/images/IMAGE_01689.jpg,2
data/Diabetic Retinopathy/train/images/IMAGE_00540.png,1
data/Diabetic Retinopathy/train/images/IMAGE_01597.jpg,0
data/Diabetic Retinopathy/train/images/IMAGE_01357.png,2
data/Diabetic Retinopathy/train/images/IMAGE_00411.jpg,2
data/Diabetic Retinopathy/train/images/IMAGE_01728.jpg,0
data/Diabetic Retinopathy/train/images/IMAGE_02177.jpg,0
data/Diabetic Retinopathy/train/images/IMAGE_00478.jpg,3
data/Diabetic Retinopathy/train/images/IMAGE_01058.png,2
data/Diabetic Retinopathy/train/images/IMAGE_01713.jpg,0
data/Diabetic Retinopathy/train/images/IMAGE_00334.jpg,2
data/Diabetic Retinopathy/train/images/IMAGE_00968.png,2
data/Diabetic Retinopathy/train/images/IMAGE_00966.png,3
data/Diabetic Retinopathy/train/images/IMAGE_00657.png,1
data/Diabetic Retinopathy/train/images/IMAGE_00755.png,0
data/Diabetic Retinopathy/train/images/IMAGE_01890.jpg,0
data/Diabetic Retinopathy/train/images/IMAGE_00116.jpg,4
data/Diabetic Retinopathy/train/images/IMAGE_02063.jpg,0
data/Diabetic Retinopathy/train/images/IMAGE_01532.png,3
data/Diabetic Retinopathy/train/images/IMAGE_02016.jpg,2
data/Diabetic Retinopathy/train/images/IMAGE_00251.jpg,0
data/Diabetic Retinopathy/train/images/IMAGE_00493.jpg,0
data/Diabetic Retinopathy/train/images/IMAGE_01816.jpg,0
data/Diabetic Retinopathy/train/images/IMAGE_00049.jpg,2
data/Diabetic Retinopathy/train/images/IMAGE_01428.png,2
data/Diabetic Retinopathy/train/images/IMAGE_00171.jpg,2
data/Diabetic Retinopathy/train/images/IMAGE_01222.png,2
data/Diabetic Retinopathy/train/images/IMAGE_00265.jpg,0
data/Diabetic Retinopathy/train/images/IMAGE_01457.png,0
data/Diabetic Retinopathy/train/images/IMAGE_01398.png,0
data/Diabetic Retinopathy/train/images/IMAGE_01572.jpg,1
data/Diabetic Retinopathy/train/images/IMAGE_02168.jpg,1
data/Diabetic Retinopathy/train/images/IMAGE_02039.jpg,0
data/Diabetic Retinopathy/train/images/IMAGE_00737.png,0
data/Diabetic Retinopathy/train/images/IMAGE_02070.jpg,0
data/Diabetic Retinopathy/train/images/IMAGE_00541.png,0
data/Diabetic Retinopathy/train/images/IMAGE_00225.jpg,2
data/Diabetic Retinopathy/train/images/IMAGE_01540.png,0
data/Diabetic Retinopathy/train/images/IMAGE_00263.jpg,0
data/Diabetic Retinopathy/train/images/IMAGE_00666.png,1
data/Diabetic Retinopathy/train/images/IMAGE_00474.jpg,3
data/Diabetic Retinopathy/train/images/IMAGE_00903.png,2
data/Diabetic Retinopathy/train/images/IMAGE_01464.png,0
data/Diabetic Retinopathy/train/images/IMAGE_01473.png,3
data/Diabetic Retinopathy/train/images/IMAGE_00520.png,0
data/Diabetic Retinopathy/train/images/IMAGE_00162.jpg,2
data/Diabetic Retinopathy/train/images/IMAGE_01169.png,0
data/Diabetic Retinopathy/train/images/IMAGE_00554.png,2
data/Diabetic Retinopathy/train/images/IMAGE_01801.jpg,0
data/Diabetic Retinopathy/train/images/IMAGE_00823.png,2
data/Diabetic Retinopathy/train/images/IMAGE_00843.png,0
data/Diabetic Retinopathy/train/images/IMAGE_00551.png,0
data/Diabetic Retinopathy/train/images/IMAGE_01914.jpg,0
data/Diabetic Retinopathy/train/images/IMAGE_01165.png,0
data/Diabetic Retinopathy/train/images/IMAGE_01608.jpg,0
data/Diabetic Retinopathy/train/images/IMAGE_00270.jpg,0
data/Diabetic Retinopathy/train/images/IMAGE_01707.jpg,1
data/Diabetic Retinopathy/train/images/IMAGE_00492.jpg,0
data/Diabetic Retinopathy/train/images/IMAGE_02030.jpg,0
data/Diabetic Retinopathy/train/images/IMAGE_00625.png,1
data/Diabetic Retinopathy/train/images/IMAGE_02216.jpg,0
data/Diabetic Retinopathy/train/images/IMAGE_02110.jpg,0
data/Diabetic Retinopathy/train/images/IMAGE_00507.jpg,2
data/Diabetic Retinopathy/train/images/IMAGE_00721.png,0
data/Diabetic Retinopathy/train/images/IMAGE_00648.png,0
data/Diabetic Retinopathy/train/images/IMAGE_01849.jpg,4
data/Diabetic Retinopathy/train/images/IMAGE_00115.jpg,3
data/Diabetic Retinopathy/train/images/IMAGE_00526.png,1
data/Diabetic Retinopathy/train/images/IMAGE_02183.jpg,0
data/Diabetic Retinopathy/train/images/IMAGE_00792.png,1
data/Diabetic Retinopathy/train/images/IMAGE_00407.jpg,3
data/Diabetic Retinopathy/train/images/IMAGE_00041.jpg,0
data/Diabetic Retinopathy/train/images/IMAGE_00595.png,1
data/Diabetic Retinopathy/train/images/IMAGE_01737.jpg,0
data/Diabetic Retinopathy/train/images/IMAGE_00441.jpg,0
data/Diabetic Retinopathy/train/images/IMAGE_00916.png,0
data/Diabetic Retinopathy/train/images/IMAGE_01135.png,1
data/Diabetic Retinopathy/train/images/IMAGE_00841.png,0
data/Diabetic Retinopathy/train/images/IMAGE_01509.png,0
data/Diabetic Retinopathy/train/images/IMAGE_00189.jpg,2
data/Diabetic Retinopathy/train/images/IMAGE_01387.png,1
data/Diabetic Retinopathy/train/images/IMAGE_01885.jpg,0
data/Diabetic Retinopathy/train/images/IMAGE_00192.jpg,4
data/Diabetic Retinopathy/train/images/IMAGE_00616.png,1
data/Diabetic Retinopathy/train/images/IMAGE_00854.png,0
data/Diabetic Retinopathy/train/images/IMAGE_00609.png,3
data/Diabetic Retinopathy/train/images/IMAGE_00396.jpg,0
data/Diabetic Retinopathy/train/images/IMAGE_01761.jpg,0
data/Diabetic Retinopathy/train/images/IMAGE_01864.jpg,2
data/Diabetic Retinopathy/train/images/IMAGE_01047.png,2
data/Diabetic Retinopathy/train/images/IMAGE_01917.jpg,0
data/Diabetic Retinopathy/train/images/IMAGE_00341.jpg,4
data/Diabetic Retinopathy/train/images/IMAGE_00410.jpg,3
data/Diabetic Retinopathy/train/images/IMAGE_00500.jpg,1
data/Diabetic Retinopathy/train/images/IMAGE_01552.png,2
data/Diabetic Retinopathy/train/images/IMAGE_01129.png,2
data/Diabetic Retinopathy/train/images/IMAGE_00426.jpg,2
data/Diabetic Retinopathy/train/images/IMAGE_00772.png,0
data/Diabetic Retinopathy/train/images/IMAGE_01296.png,0
data/Diabetic Retinopathy/train/images/IMAGE_00367.jpg,1
data/Diabetic Retinopathy/train/images/IMAGE_01794.jpg,0
data/Diabetic Retinopathy/train/images/IMAGE_00758.png,0
data/Diabetic Retinopathy/train/images/IMAGE_01400.png,1
data/Diabetic Retinopathy/train/images/IMAGE_00071.jpg,2
data/Diabetic Retinopathy/train/images/IMAGE_01811.jpg,2
data/Diabetic Retinopathy/train/images/IMAGE_01759.jpg,0
data/Diabetic Retinopathy/train/images/IMAGE_01075.png,0
data/Diabetic Retinopathy/train/images/IMAGE_00917.png,1
data/Diabetic Retinopathy/train/images/IMAGE_01093.png,0
data/Diabetic Retinopathy/train/images/IMAGE_01278.png,0
data/Diabetic Retinopathy/train/images/IMAGE_00746.png,1
data/Diabetic Retinopathy/train/images/IMAGE_00205.jpg,2
data/Diabetic Retinopathy/train/images/IMAGE_01996.jpg,0
data/Diabetic Retinopathy/train/images/IMAGE_00371.jpg,3
data/Diabetic Retinopathy/train/images/IMAGE_00768.png,0
data/Diabetic Retinopathy/train/images/IMAGE_02057.jpg,1
data/Diabetic Retinopathy/train/images/IMAGE_00286.jpg,0
data/Diabetic Retinopathy/train/images/IMAGE_00786.png,0
data/Diabetic Retinopathy/train/images/IMAGE_01178.png,1
data/Diabetic Retinopathy/train/images/IMAGE_01072.png,0
data/Diabetic Retinopathy/train/images/IMAGE_00997.png,0
data/Diabetic Retinopathy/train/images/IMAGE_01256.png,1
data/Diabetic Retinopathy/train/images/IMAGE_02205.jpg,0
data/Diabetic Retinopathy/train/images/IMAGE_01010.png,0
data/Diabetic Retinopathy/train/images/IMAGE_00578.png,0
data/Diabetic Retinopathy/train/images/IMAGE_01099.png,1
data/Diabetic Retinopathy/train/images/IMAGE_00066.jpg,2
data/Diabetic Retinopathy/train/images/IMAGE_00488.jpg,4
data/Diabetic Retinopathy/train/images/IMAGE_00539.png,1
data/Diabetic Retinopathy/train/images/IMAGE_01233.png,1
data/Diabetic Retinopathy/train/images/IMAGE_00864.png,0
data/Diabetic Retinopathy/train/images/IMAGE_01795.jpg,0
data/Diabetic Retinopathy/train/images/IMAGE_01474.png,2
data/Diabetic Retinopathy/train/images/IMAGE_01524.png,2
data/Diabetic Retinopathy/train/images/IMAGE_00165.jpg,2
data/Diabetic Retinopathy/train/images/IMAGE_01680.jpg,0
data/Diabetic Retinopathy/train/images/IMAGE_01208.png,0
data/Diabetic Retinopathy/train/images/IMAGE_02132.jpg,0
data/Diabetic Retinopathy/train/images/IMAGE_01806.jpg,0
data/Diabetic Retinopathy/train/images/IMAGE_00470.jpg,3
data/Diabetic Retinopathy/train/images/IMAGE_01441.png,1
data/Diabetic Retinopathy/train/images/IMAGE_01046.png,0
data/Diabetic Retinopathy/train/images/IMAGE_01696.jpg,0
data/Diabetic Retinopathy/train/images/IMAGE_00277.jpg,0
data/Diabetic Retinopathy/train/images/IMAGE_01045.png,0
data/Diabetic Retinopathy/train/images/IMAGE_01310.png,0
data/Diabetic Retinopathy/train/images/IMAGE_00379.jpg,3
data/Diabetic Retinopathy/train/images/IMAGE_00275.jpg,0
data/Diabetic Retinopathy/train/images/IMAGE_00194.jpg,2
data/Diabetic Retinopathy/train/images/IMAGE_00656.png,1
data/Diabetic Retinopathy/train/images/IMAGE_01445.png,0
data/Diabetic Retinopathy/train/images/IMAGE_00357.jpg,0
data/Diabetic Retinopathy/train/images/IMAGE_00023.jpg,2
data/Diabetic Retinopathy/train/images/IMAGE_02032.jpg,0
data/Diabetic Retinopathy/train/images/IMAGE_00438.jpg,3
data/Diabetic Retinopathy/train/images/IMAGE_01355.png,1
data/Diabetic Retinopathy/train/images/IMAGE_01440.png,0
data/Diabetic Retinopathy/train/images/IMAGE_00088.jpg,2
data/Diabetic Retinopathy/train/images/IMAGE_00216.jpg,3
data/Diabetic Retinopathy/train/images/IMAGE_02001.jpg,1
data/Diabetic Retinopathy/train/images/IMAGE_00970.png,2
data/Diabetic Retinopathy/train/images/IMAGE_01404.png,0
data/Diabetic Retinopathy/train/images/IMAGE_01149.png,0
data/Diabetic Retinopathy/train/images/IMAGE_00176.jpg,2
data/Diabetic Retinopathy/train/images/IMAGE_00929.png,0
data/Diabetic Retinopathy/train/images/IMAGE_00080.jpg,2
data/Diabetic Retinopathy/train/images/IMAGE_00303.jpg,2
data/Diabetic Retinopathy/train/images/IMAGE_01807.jpg,0
data/Diabetic Retinopathy/train/images/IMAGE_01517.png,0
data/Diabetic Retinopathy/train/images/IMAGE_00716.png,0
data/Diabetic Retinopathy/train/images/IMAGE_00308.jpg,0
data/Diabetic Retinopathy/train/images/IMAGE_00296.jpg,1
data/Diabetic Retinopathy/train/images/IMAGE_01340.png,1
data/Diabetic Retinopathy/train/images/IMAGE_02012.jpg,2
data/Diabetic Retinopathy/train/images/IMAGE_01809.jpg,0
data/Diabetic Retinopathy/train/images/IMAGE_02040.jpg,0
data/Diabetic Retinopathy/train/images/IMAGE_01446.png,1
data/Diabetic Retinopathy/train/images/IMAGE_00397.jpg,3
data/Diabetic Retinopathy/train/images/IMAGE_00033.jpg,2
data/Diabetic Retinopathy/train/images/IMAGE_00138.jpg,3
data/Diabetic Retinopathy/train/images/IMAGE_00741.png,0
data/Diabetic Retinopathy/train/images/IMAGE_01468.png,0
data/Diabetic Retinopathy/train/images/IMAGE_02011.jpg,2
data/Diabetic Retinopathy/train/images/IMAGE_01170.png,1
data/Diabetic Retinopathy/train/images/IMAGE_00928.png,1
data/Diabetic Retinopathy/train/images/IMAGE_01702.jpg,1
data/Diabetic Retinopathy/train/images/IMAGE_01769.jpg,0
data/Diabetic Retinopathy/train/images/IMAGE_00596.png,2
data/Diabetic Retinopathy/train/images/IMAGE_00963.png,2
data/Diabetic Retinopathy/train/images/IMAGE_00532.png,3
data/Diabetic Retinopathy/train/images/IMAGE_01659.jpg,0
data/Diabetic Retinopathy/train/images/IMAGE_02155.jpg,1
data/Diabetic Retinopathy/train/images/IMAGE_01789.jpg,0
data/Diabetic Retinopathy/train/images/IMAGE_01055.png,0
data/Diabetic Retinopathy/train/images/IMAGE_00099.jpg,2
data/Diabetic Retinopathy/train/images/IMAGE_02160.jpg,0
data/Diabetic Retinopathy/train/images/IMAGE_00187.jpg,2
data/Diabetic Retinopathy/train/images/IMAGE_00377.jpg,0
data/Diabetic Retinopathy/train/images/IMAGE_01290.png,1
data/Diabetic Retinopathy/train/images/IMAGE_01265.png,2
data/Diabetic Retinopathy/train/images/IMAGE_00664.png,2
data/Diabetic Retinopathy/train/images/IMAGE_01180.png,2
data/Diabetic Retinopathy/train/images/IMAGE_00031.jpg,3
data/Diabetic Retinopathy/train/images/IMAGE_01502.png,0
data/Diabetic Retinopathy/train/images/IMAGE_02164.jpg,0
data/Diabetic Retinopathy/train/images/IMAGE_00376.jpg,0
data/Diabetic Retinopathy/train/images/IMAGE_01566.png,2
data/Diabetic Retinopathy/train/images/IMAGE_01348.png,2
data/Diabetic Retinopathy/train/images/IMAGE_01451.png,1
data/Diabetic Retinopathy/train/images/IMAGE_01379.png,2
data/Diabetic Retinopathy/train/images/IMAGE_01741.jpg,0
data/Diabetic Retinopathy/train/images/IMAGE_02094.jpg,1
data/Diabetic Retinopathy/train/images/IMAGE_01119.png,0
data/Diabetic Retinopathy/train/images/IMAGE_01935.jpg,0
data/Diabetic Retinopathy/train/images/IMAGE_01435.png,2
data/Diabetic Retinopathy/train/images/IMAGE_01594.jpg,1
data/Diabetic Retinopathy/train/images/IMAGE_00065.jpg,3
data/Diabetic Retinopathy/train/images/IMAGE_01910.jpg,0
data/Diabetic Retinopathy/train/images/IMAGE_00326.jpg,4
data/Diabetic Retinopathy/train/images/IMAGE_02246.jpg,0
data/Diabetic Retinopathy/train/images/IMAGE_00603.png,2
data/Diabetic Retinopathy/train/images/IMAGE_01200.png,0
data/Diabetic Retinopathy/train/images/IMAGE_01014.png,0
data/Diabetic Retinopathy/train/images/IMAGE_00027.jpg,3
data/Diabetic Retinopathy/train/images/IMAGE_00198.jpg,4
data/Diabetic Retinopathy/train/images/IMAGE_00084.jpg,1
data/Diabetic Retinopathy/train/images/IMAGE_02212.jpg,0
data/Diabetic Retinopathy/train/images/IMAGE_01656.jpg,2
data/Diabetic Retinopathy/train/images/IMAGE_01162.png,2
data/Diabetic Retinopathy/train/images/IMAGE_01715.jpg,0
data/Diabetic Retinopathy/train/images/IMAGE_01511.png,3
data/Diabetic Retinopathy/train/images/IMAGE_02194.jpg,0
data/Diabetic Retinopathy/train/images/IMAGE_01041.png,0
data/Diabetic Retinopathy/train/images/IMAGE_00845.png,0
data/Diabetic Retinopathy/train/images/IMAGE_02089.jpg,0
data/Diabetic Retinopathy/train/images/IMAGE_00894.png,2
data/Diabetic Retinopathy/train/images/IMAGE_01401.png,1
data/Diabetic Retinopathy/train/images/IMAGE_00321.jpg,0
data/Diabetic Retinopathy/train/images/IMAGE_00122.jpg,2
data/Diabetic Retinopathy/train/images/IMAGE_02037.jpg,0
data/Diabetic Retinopathy/train/images/IMAGE_00702.png,1
data/Diabetic Retinopathy/train/images/IMAGE_00518.png,2
data/Diabetic Retinopathy/train/images/IMAGE_01705.jpg,1
data/Diabetic Retinopathy/train/images/IMAGE_01661.jpg,0
data/Diabetic Retinopathy/train/images/IMAGE_01327.png,2
data/Diabetic Retinopathy/train/images/IMAGE_01429.png,2
data/Diabetic Retinopathy/train/images/IMAGE_01787.jpg,0
data/Diabetic Retinopathy/train/images/IMAGE_01011.png,1
data/Diabetic Retinopathy/train/images/IMAGE_01873.jpg,4
data/Diabetic Retinopathy/train/images/IMAGE_00504.jpg,2
data/Diabetic Retinopathy/train/images/IMAGE_01939.jpg,4
data/Diabetic Retinopathy/train/images/IMAGE_00121.jpg,2
data/Diabetic Retinopathy/train/images/IMAGE_02239.jpg,0
data/Diabetic Retinopathy/train/images/IMAGE_00748.png,0
data/Diabetic Retinopathy/train/images/IMAGE_01234.png,2
data/Diabetic Retinopathy/train/images/IMAGE_00937.png,2
data/Diabetic Retinopathy/train/images/IMAGE_01684.jpg,0
data/Diabetic Retinopathy/train/images/IMAGE_01274.png,2
data/Diabetic Retinopathy/train/images/IMAGE_00295.jpg,0
data/Diabetic Retinopathy/train/images/IMAGE_01687.jpg,0
data/Diabetic Retinopathy/train/images/IMAGE_01852.jpg,0
data/Diabetic Retinopathy/train/images/IMAGE_00218.jpg,2
data/Diabetic Retinopathy/train/images/IMAGE_02062.jpg,4
data/Diabetic Retinopathy/train/images/IMAGE_00247.jpg,0
data/Diabetic Retinopathy/train/images/IMAGE_00767.png,0
data/Diabetic Retinopathy/train/images/IMAGE_01812.jpg,0
data/Diabetic Retinopathy/train/images/IMAGE_01427.png,0
data/Diabetic Retinopathy/train/images/IMAGE_01152.png,2
data/Diabetic Retinopathy/train/images/IMAGE_01414.png,0
data/Diabetic Retinopathy/train/images/IMAGE_02238.jpg,0
data/Diabetic Retinopathy/train/images/IMAGE_02167.jpg,4
data/Diabetic Retinopathy/train/images/IMAGE_00149.jpg,2
data/Diabetic Retinopathy/train/images/IMAGE_00239.jpg,2
data/Diabetic Retinopathy/train/images/IMAGE_00791.png,0
data/Diabetic Retinopathy/train/images/IMAGE_00372.jpg,2
data/Diabetic Retinopathy/train/images/IMAGE_01493.png,1
data/Diabetic Retinopathy/train/images/IMAGE_01835.jpg,0
data/Diabetic Retinopathy/train/images/IMAGE_02026.jpg,0
data/Diabetic Retinopathy/train/images/IMAGE_00134.jpg,4
data/Diabetic Retinopathy/train/images/IMAGE_01475.png,2
data/Diabetic Retinopathy/train/images/IMAGE_00700.png,0
data/Diabetic Retinopathy/train/images/IMAGE_02036.jpg,0
data/Diabetic Retinopathy/train/images/IMAGE_00649.png,0
data/Diabetic Retinopathy/train/images/IMAGE_00912.png,3
data/Diabetic Retinopathy/train/images/IMAGE_02133.jpg,0
data/Diabetic Retinopathy/train/images/IMAGE_00481.jpg,3
data/Diabetic Retinopathy/train/images/IMAGE_00054.jpg,0
data/Diabetic Retinopathy/train/images/IMAGE_01533.png,2
data/Diabetic Retinopathy/train/images/IMAGE_01091.png,1
data/Diabetic Retinopathy/train/images/IMAGE_01444.png,2
data/Diabetic Retinopathy/train/images/IMAGE_01257.png,1
data/Diabetic Retinopathy/train/images/IMAGE_00724.png,0
data/Diabetic Retinopathy/train/images/IMAGE_00236.jpg,2
data/Diabetic Retinopathy/train/images/IMAGE_00749.png,0
data/Diabetic Retinopathy/train/images/IMAGE_00631.png,0
data/Diabetic Retinopathy/train/images/IMAGE_01330.png,1
data/Diabetic Retinopathy/train/images/IMAGE_01804.jpg,0
data/Diabetic Retinopathy/train/images/IMAGE_00311.jpg,0
data/Diabetic Retinopathy/train/images/IMAGE_00348.jpg,4
data/Diabetic Retinopathy/train/images/IMAGE_01953.jpg,0
data/Diabetic Retinopathy/train/images/IMAGE_00257.jpg,0
data/Diabetic Retinopathy/train/images/IMAGE_00358.jpg,1
data/Diabetic Retinopathy/train/images/IMAGE_00574.png,2
data/Diabetic Retinopathy/train/images/IMAGE_00483.jpg,3
data/Diabetic Retinopathy/train/images/IMAGE_01305.png,0
data/Diabetic Retinopathy/train/images/IMAGE_01241.png,2
data/Diabetic Retinopathy/train/images/IMAGE_00628.png,1
data/Diabetic Retinopathy/train/images/IMAGE_00996.png,0
data/Diabetic Retinopathy/train/images/IMAGE_00856.png,0
data/Diabetic Retinopathy/train/images/IMAGE_00047.jpg,0
data/Diabetic Retinopathy/train/images/IMAGE_01071.png,0
data/Diabetic Retinopathy/train/images/IMAGE_01343.png,1
data/Diabetic Retinopathy/train/images/IMAGE_00635.png,0
data/Diabetic Retinopathy/train/images/IMAGE_00280.jpg,4
data/Diabetic Retinopathy/train/images/IMAGE_01596.jpg,0
data/Diabetic Retinopathy/train/images/IMAGE_01000.png,0
data/Diabetic Retinopathy/train/images/IMAGE_01518.png,3
data/Diabetic Retinopathy/train/images/IMAGE_00069.jpg,0
data/Diabetic Retinopathy/train/images/IMAGE_01288.png,3
data/Diabetic Retinopathy/train/images/IMAGE_01896.jpg,0
data/Diabetic Retinopathy/train/images/IMAGE_00353.jpg,0
data/Diabetic Retinopathy/train/images/IMAGE_00167.jpg,3
data/Diabetic Retinopathy/train/images/IMAGE_01788.jpg,0
data/Diabetic Retinopathy/train/images/IMAGE_00314.jpg,0
data/Diabetic Retinopathy/train/images/IMAGE_01676.jpg,0
data/Diabetic Retinopathy/train/images/IMAGE_01125.png,0
data/Diabetic Retinopathy/train/images/IMAGE_01212.png,1
data/Diabetic Retinopathy/train/images/IMAGE_01673.jpg,1
data/Diabetic Retinopathy/train/images/IMAGE_00795.png,1
data/Diabetic Retinopathy/train/images/IMAGE_00316.jpg,0
data/Diabetic Retinopathy/train/images/IMAGE_01052.png,1
data/Diabetic Retinopathy/train/images/IMAGE_00867.png,0
data/Diabetic Retinopathy/train/images/IMAGE_01384.png,1
data/Diabetic Retinopathy/train/images/IMAGE_01339.png,0
data/Diabetic Retinopathy/train/images/IMAGE_00364.jpg,2
data/Diabetic Retinopathy/train/images/IMAGE_01525.png,2
data/Diabetic Retinopathy/train/images/IMAGE_01913.jpg,0
data/Diabetic Retinopathy/train/images/IMAGE_01019.png,1
data/Diabetic Retinopathy/train/images/IMAGE_00915.png,0
data/Diabetic Retinopathy/train/images/IMAGE_00704.png,0
data/Diabetic Retinopathy/train/images/IMAGE_01322.png,0
data/Diabetic Retinopathy/train/images/IMAGE_02085.jpg,0
data/Diabetic Retinopathy/train/images/IMAGE_00709.png,0
data/Diabetic Retinopathy/train/images/IMAGE_01641.jpg,0
data/Diabetic Retinopathy/train/images/IMAGE_00865.png,0
data/Diabetic Retinopathy/train/images/IMAGE_00329.jpg,0
data/Diabetic Retinopathy/train/images/IMAGE_00288.jpg,2
data/Diabetic Retinopathy/train/images/IMAGE_00168.jpg,3
data/Diabetic Retinopathy/train/images/IMAGE_02095.jpg,0
data/Diabetic Retinopathy/train/images/IMAGE_00550.png,2
data/Diabetic Retinopathy/train/images/IMAGE_01685.jpg,0
data/Diabetic Retinopathy/train/images/IMAGE_00146.jpg,2
data/Diabetic Retinopathy/train/images/IMAGE_02058.jpg,0
data/Diabetic Retinopathy/train/images/IMAGE_02198.jpg,0
data/Diabetic Retinopathy/train/images/IMAGE_00902.png,2
data/Diabetic Retinopathy/train/images/IMAGE_01829.jpg,0
data/Diabetic Retinopathy/train/images/IMAGE_00558.png,0
data/Diabetic Retinopathy/train/images/IMAGE_01292.png,3
data/Diabetic Retinopathy/train/images/IMAGE_01240.png,2
data/Diabetic Retinopathy/train/images/IMAGE_00672.png,2
data/Diabetic Retinopathy/train/images/IMAGE_01460.png,1
data/Diabetic Retinopathy/train/images/IMAGE_01155.png,1
data/Diabetic Retinopathy/train/images/IMAGE_00017.jpg,2
data/Diabetic Retinopathy/train/images/IMAGE_00871.png,0
data/Diabetic Retinopathy/train/images/IMAGE_00421.jpg,3
data/Diabetic Retinopathy/train/images/IMAGE_01294.png,1
data/Diabetic Retinopathy/train/images/IMAGE_00519.png,0
data/Diabetic Retinopathy/train/images/IMAGE_01022.png,3
data/Diabetic Retinopathy/train/images/IMAGE_00157.jpg,3
data/Diabetic Retinopathy/train/images/IMAGE_01342.png,1
data/Diabetic Retinopathy/train/images/IMAGE_00124.jpg,4
data/Diabetic Retinopathy/train/images/IMAGE_01250.png,0
data/Diabetic Retinopathy/train/images/IMAGE_01189.png,1
data/Diabetic Retinopathy/train/images/IMAGE_02053.jpg,0
data/Diabetic Retinopathy/train/images/IMAGE_01958.jpg,0
data/Diabetic Retinopathy/train/images/IMAGE_00032.jpg,4
data/Diabetic Retinopathy/train/images/IMAGE_00452.jpg,0
data/Diabetic Retinopathy/train/images/IMAGE_02113.jpg,0
data/Diabetic Retinopathy/train/images/IMAGE_01916.jpg,0
data/Diabetic Retinopathy/train/images/IMAGE_00083.jpg,2
data/Diabetic Retinopathy/train/images/IMAGE_01993.jpg,0
data/Diabetic Retinopathy/train/images/IMAGE_00859.png,0
data/Diabetic Retinopathy/train/images/IMAGE_00173.jpg,2
data/Diabetic Retinopathy/train/images/IMAGE_01268.png,1
data/Diabetic Retinopathy/train/images/IMAGE_01505.png,2
data/Diabetic Retinopathy/train/images/IMAGE_00511.png,0
data/Diabetic Retinopathy/train/images/IMAGE_01785.jpg,0
data/Diabetic Retinopathy/train/images/IMAGE_00545.png,3
data/Diabetic Retinopathy/train/images/IMAGE_01172.png,0
data/Diabetic Retinopathy/train/images/IMAGE_00048.jpg,4
data/Diabetic Retinopathy/train/images/IMAGE_00337.jpg,0
data/Diabetic Retinopathy/train/images/IMAGE_01186.png,2
data/Diabetic Retinopathy/train/images/IMAGE_00731.png,0
data/Diabetic Retinopathy/train/images/IMAGE_02173.jpg,0
data/Diabetic Retinopathy/train/images/IMAGE_01991.jpg,0
data/Diabetic Retinopathy/train/images/IMAGE_00560.png,0
data/Diabetic Retinopathy/train/images/IMAGE_01515.png,0
data/Diabetic Retinopathy/train/images/IMAGE_00081.jpg,2
data/Diabetic Retinopathy/train/images/IMAGE_02029.jpg,0
data/Diabetic Retinopathy/train/images/IMAGE_01060.png,0
data/Diabetic Retinopathy/train/images/IMAGE_00085.jpg,2
data/Diabetic Retinopathy/train/images/IMAGE_00155.jpg,4
data/Diabetic Retinopathy/train/images/IMAGE_00960.png,3
data/Diabetic Retinopathy/train/images/IMAGE_01930.jpg,0
data/Diabetic Retinopathy/train/images/IMAGE_01727.jpg,0
data/Diabetic Retinopathy/train/images/IMAGE_01085.png,2
data/Diabetic Retinopathy/train/images/IMAGE_01402.png,0
data/Diabetic Retinopathy/train/images/IMAGE_01020.png,0
data/Diabetic Retinopathy/train/images/IMAGE_02111.jpg,0
data/Diabetic Retinopathy/train/images/IMAGE_01634.jpg,0
data/Diabetic Retinopathy/train/images/IMAGE_00692.png,0
data/Diabetic Retinopathy/train/images/IMAGE_00723.png,0
data/Diabetic Retinopathy/train/images/IMAGE_02075.jpg,0
data/Diabetic Retinopathy/train/images/IMAGE_00800.png,1
data/Diabetic Retinopathy/train/images/IMAGE_00102.jpg,0
data/Diabetic Retinopathy/train/images/IMAGE_01005.png,3
data/Diabetic Retinopathy/train/images/IMAGE_01531.png,3
data/Diabetic Retinopathy/train/images/IMAGE_01920.jpg,0
data/Diabetic Retinopathy/train/images/IMAGE_01334.png,0
data/Diabetic Retinopathy/train/images/IMAGE_00442.jpg,2
data/Diabetic Retinopathy/train/images/IMAGE_02107.jpg,0
data/Diabetic Retinopathy/train/images/IMAGE_00732.png,0
data/Diabetic Retinopathy/train/images/IMAGE_01880.jpg,0
data/Diabetic Retinopathy/train/images/IMAGE_00826.png,2
data/Diabetic Retinopathy/train/images/IMAGE_00972.png,0
data/Diabetic Retinopathy/train/images/IMAGE_01341.png,1
data/Diabetic Retinopathy/train/images/IMAGE_01681.jpg,0
data/Diabetic Retinopathy/train/images/IMAGE_00879.png,0
data/Diabetic Retinopathy/train/images/IMAGE_00304.jpg,0
data/Diabetic Retinopathy/train/images/IMAGE_02134.jpg,0
data/Diabetic Retinopathy/train/images/IMAGE_01754.jpg,0
data/Diabetic Retinopathy/train/images/IMAGE_01287.png,0
data/Diabetic Retinopathy/train/images/IMAGE_01498.png,2
data/Diabetic Retinopathy/train/images/IMAGE_02072.jpg,0
data/Diabetic Retinopathy/train/images/IMAGE_01160.png,0
data/Diabetic Retinopathy/train/images/IMAGE_01136.png,0
data/Diabetic Retinopathy/train/images/IMAGE_01191.png,1
data/Diabetic Retinopathy/train/images/IMAGE_00553.png,4
data/Diabetic Retinopathy/train/images/IMAGE_00769.png,0
data/Diabetic Retinopathy/train/images/IMAGE_01757.jpg,0
data/Diabetic Retinopathy/train/images/IMAGE_00127.jpg,3
data/Diabetic Retinopathy/train/images/IMAGE_01110.png,0
data/Diabetic Retinopathy/train/images/IMAGE_00897.png,2
data/Diabetic Retinopathy/train/images/IMAGE_00174.jpg,2
data/Diabetic Retinopathy/train/images/IMAGE_00853.png,0
data/Diabetic Retinopathy/train/images/IMAGE_00955.png,0
data/Diabetic Retinopathy/train/images/IMAGE_00701.png,0
data/Diabetic Retinopathy/train/images/IMAGE_00423.jpg,2
data/Diabetic Retinopathy/train/images/IMAGE_00158.jpg,2
data/Diabetic Retinopathy/train/images/IMAGE_00070.jpg,0
data/Diabetic Retinopathy/train/images/IMAGE_01086.png,2
data/Diabetic Retinopathy/train/images/IMAGE_00325.jpg,0
data/Diabetic Retinopathy/train/images/IMAGE_00593.png,0
data/Diabetic Retinopathy/train/images/IMAGE_00233.jpg,2
data/Diabetic Retinopathy/train/images/IMAGE_00515.png,0
data/Diabetic Retinopathy/train/images/IMAGE_02013.jpg,0
data/Diabetic Retinopathy/train/images/IMAGE_02097.jpg,0
data/Diabetic Retinopathy/train/images/IMAGE_01644.jpg,2
data/Diabetic Retinopathy/train/images/IMAGE_01895.jpg,0
data/Diabetic Retinopathy/train/images/IMAGE_00655.png,1
data/Diabetic Retinopathy/train/images/IMAGE_00788.png,0
data/Diabetic Retinopathy/train/images/IMAGE_01253.png,2
data/Diabetic Retinopathy/train/images/IMAGE_00514.png,2
data/Diabetic Retinopathy/train/images/IMAGE_00570.png,3
data/Diabetic Retinopathy/train/images/IMAGE_01242.png,2
data/Diabetic Retinopathy/train/images/IMAGE_01370.png,0
data/Diabetic Retinopathy/train/images/IMAGE_01177.png,1
data/Diabetic Retinopathy/train/images/IMAGE_02204.jpg,0
data/Diabetic Retinopathy/train/images/IMAGE_00663.png,2
data/Diabetic Retinopathy/train/images/IMAGE_01519.png,2
data/Diabetic Retinopathy/train/images/IMAGE_02242.jpg,0
data/Diabetic Retinopathy/train/images/IMAGE_01945.jpg,0
data/Diabetic Retinopathy/train/images/IMAGE_02086.jpg,0
data/Diabetic Retinopathy/train/images/IMAGE_01616.jpg,0
data/Diabetic Retinopathy/train/images/IMAGE_01562.png,0
data/Diabetic Retinopathy/train/images/IMAGE_00989.png,1
data/Diabetic Retinopathy/train/images/IMAGE_00461.jpg,4
data/Diabetic Retinopathy/train/images/IMAGE_01399.png,0
data/Diabetic Retinopathy/train/images/IMAGE_01780.jpg,0
data/Diabetic Retinopathy/train/images/IMAGE_00938.png,2
data/Diabetic Retinopathy/train/images/IMAGE_00169.jpg,4
data/Diabetic Retinopathy/train/images/IMAGE_00542.png,0
data/Diabetic Retinopathy/train/images/IMAGE_01999.jpg,0
data/Diabetic Retinopathy/train/images/IMAGE_01898.jpg,0
data/Diabetic Retinopathy/train/images/IMAGE_00557.png,0
data/Diabetic Retinopathy/train/images/IMAGE_00646.png,0
data/Diabetic Retinopathy/train/images/IMAGE_00667.png,1
data/Diabetic Retinopathy/train/images/IMAGE_01557.png,1
data/Diabetic Retinopathy/train/images/IMAGE_01796.jpg,0
data/Diabetic Retinopathy/train/images/IMAGE_01998.jpg,0
data/Diabetic Retinopathy/train/images/IMAGE_00630.png,0
data/Diabetic Retinopathy/train/images/IMAGE_01940.jpg,4
data/Diabetic Retinopathy/train/images/IMAGE_00910.png,2
data/Diabetic Retinopathy/train/images/IMAGE_01204.png,2
data/Diabetic Retinopathy/train/images/IMAGE_00044.jpg,0
data/Diabetic Retinopathy/train/images/IMAGE_01235.png,1
data/Diabetic Retinopathy/train/images/IMAGE_01957.jpg,1
data/Diabetic Retinopathy/train/images/IMAGE_01377.png,1
data/Diabetic Retinopathy/train/images/IMAGE_01793.jpg,3
data/Diabetic Retinopathy/train/images/IMAGE_02187.jpg,0
data/Diabetic Retinopathy/train/images/IMAGE_01185.png,2
data/Diabetic Retinopathy/train/images/IMAGE_01231.png,2
data/Diabetic Retinopathy/train/images/IMAGE_01124.png,1
data/Diabetic Retinopathy/train/images/IMAGE_01740.jpg,0
data/Diabetic Retinopathy/train/images/IMAGE_01743.jpg,1
data/Diabetic Retinopathy/train/images/IMAGE_00979.png,4
data/Diabetic Retinopathy/train/images/IMAGE_01987.jpg,0
data/Diabetic Retinopathy/train/images/IMAGE_00137.jpg,3
data/Diabetic Retinopathy/train/images/IMAGE_01054.png,0
data/Diabetic Retinopathy/train/images/IMAGE_01362.png,2
data/Diabetic Retinopathy/train/images/IMAGE_01537.png,1
data/Diabetic Retinopathy/train/images/IMAGE_00523.png,0
data/Diabetic Retinopathy/train/images/IMAGE_00693.png,0
data/Diabetic Retinopathy/train/images/IMAGE_00385.jpg,2
data/Diabetic Retinopathy/train/images/IMAGE_00240.jpg,0
data/Diabetic Retinopathy/train/images/IMAGE_01703.jpg,0
data/Diabetic Retinopathy/train/images/IMAGE_01063.png,0
data/Diabetic Retinopathy/train/images/IMAGE_01861.jpg,0
data/Diabetic Retinopathy/train/images/IMAGE_00195.jpg,2
data/Diabetic Retinopathy/train/images/IMAGE_01781.jpg,1
data/Diabetic Retinopathy/train/images/IMAGE_02118.jpg,0
data/Diabetic Retinopathy/train/images/IMAGE_00909.png,1
data/Diabetic Retinopathy/train/images/IMAGE_01114.png,0
data/Diabetic Retinopathy/train/images/IMAGE_01489.png,3
data/Diabetic Retinopathy/train/images/IMAGE_01308.png,0
data/Diabetic Retinopathy/train/images/IMAGE_00390.jpg,4
data/Diabetic Retinopathy/train/images/IMAGE_01118.png,1
data/Diabetic Retinopathy/train/images/IMAGE_01507.png,1
data/Diabetic Retinopathy/train/images/IMAGE_01318.png,2
data/Diabetic Retinopathy/train/images/IMAGE_00602.png,0
data/Diabetic Retinopathy/train/images/IMAGE_01230.png,2
data/Diabetic Retinopathy/train/images/IMAGE_00567.png,2
data/Diabetic Retinopathy/train/images/IMAGE_01299.png,3
data/Diabetic Retinopathy/train/images/IMAGE_00759.png,0
data/Diabetic Retinopathy/train/images/IMAGE_01831.jpg,0
data/Diabetic Retinopathy/train/images/IMAGE_01836.jpg,0
data/Diabetic Retinopathy/train/images/IMAGE_00386.jpg,4
data/Diabetic Retinopathy/train/images/IMAGE_00394.jpg,2
data/Diabetic Retinopathy/train/images/IMAGE_02100.jpg,0
data/Diabetic Retinopathy/train/images/IMAGE_00857.png,0
data/Diabetic Retinopathy/train/images/IMAGE_00248.jpg,0
data/Diabetic Retinopathy/train/images/IMAGE_02015.jpg,2
data/Diabetic Retinopathy/train/images/IMAGE_00986.png,2
data/Diabetic Retinopathy/train/images/IMAGE_00005.jpg,4
data/Diabetic Retinopathy/train/images/IMAGE_01539.png,0
data/Diabetic Retinopathy/train/images/IMAGE_01006.png,3
data/Diabetic Retinopathy/train/images/IMAGE_00210.jpg,3
data/Diabetic Retinopathy/train/images/IMAGE_01933.jpg,0
data/Diabetic Retinopathy/train/images/IMAGE_00188.jpg,4
data/Diabetic Retinopathy/train/images/IMAGE_00907.png,2
data/Diabetic Retinopathy/train/images/IMAGE_01439.png,3
data/Diabetic Retinopathy/train/images/IMAGE_01512.png,2
data/Diabetic Retinopathy/train/images/IMAGE_00123.jpg,1
data/Diabetic Retinopathy/train/images/IMAGE_00687.png,0
data/Diabetic Retinopathy/train/images/IMAGE_01349.png,1
data/Diabetic Retinopathy/train/images/IMAGE_01199.png,0
data/Diabetic Retinopathy/train/images/IMAGE_00130.jpg,4
data/Diabetic Retinopathy/train/images/IMAGE_00711.png,0
data/Diabetic Retinopathy/train/images/IMAGE_01875.jpg,0
data/Diabetic Retinopathy/train/images/IMAGE_01066.png,0
data/Diabetic Retinopathy/train/images/IMAGE_01668.jpg,0
data/Diabetic Retinopathy/train/images/IMAGE_01083.png,0
data/Diabetic Retinopathy/train/images/IMAGE_00738.png,0
data/Diabetic Retinopathy/train/images/IMAGE_00273.jpg,0
data/Diabetic Retinopathy/train/images/IMAGE_01863.jpg,0
data/Diabetic Retinopathy/train/images/IMAGE_01742.jpg,0
data/Diabetic Retinopathy/train/images/IMAGE_01688.jpg,1
data/Diabetic Retinopathy/train/images/IMAGE_01252.png,2
data/Diabetic Retinopathy/train/images/IMAGE_01837.jpg,0
data/Diabetic Retinopathy/train/images/IMAGE_01721.jpg,0
data/Diabetic Retinopathy/train/images/IMAGE_01462.png,1
data/Diabetic Retinopathy/train/images/IMAGE_02109.jpg,0
data/Diabetic Retinopathy/train/images/IMAGE_01499.png,2
data/Diabetic Retinopathy/train/images/IMAGE_00978.png,4
data/Diabetic Retinopathy/train/images/IMAGE_01620.jpg,0
data/Diabetic Retinopathy/train/images/IMAGE_01669.jpg,0
data/Diabetic Retinopathy/train/images/IMAGE_01682.jpg,0
data/Diabetic Retinopathy/train/images/IMAGE_01389.png,2
data/Diabetic Retinopathy/train/images/IMAGE_02215.jpg,0
data/Diabetic Retinopathy/train/images/IMAGE_01480.png,2
data/Diabetic Retinopathy/train/images/IMAGE_00335.jpg,0
data/Diabetic Retinopathy/train/images/IMAGE_00331.jpg,0
data/Diabetic Retinopathy/train/images/IMAGE_01264.png,2
data/Diabetic Retinopathy/train/images/IMAGE_01678.jpg,0
data/Diabetic Retinopathy/train/images/IMAGE_00444.jpg,0
data/Diabetic Retinopathy/train/images/IMAGE_01724.jpg,1
data/Diabetic Retinopathy/train/images/IMAGE_00022.jpg,3
data/Diabetic Retinopathy/train/images/IMAGE_00728.png,0
data/Diabetic Retinopathy/train/images/IMAGE_00961.png,2
data/Diabetic Retinopathy/train/images/IMAGE_01131.png,1
data/Diabetic Retinopathy/train/images/IMAGE_00629.png,0
data/Diabetic Retinopathy/train/images/IMAGE_01126.png,0
data/Diabetic Retinopathy/train/images/IMAGE_01082.png,0
data/Diabetic Retinopathy/train/images/IMAGE_01209.png,0
data/Diabetic Retinopathy/train/images/IMAGE_01437.png,0
data/Diabetic Retinopathy/train/images/IMAGE_00301.jpg,0
data/Diabetic Retinopathy/train/images/IMAGE_01123.png,0
data/Diabetic Retinopathy/train/images/IMAGE_01012.png,1
data/Diabetic Retinopathy/train/images/IMAGE_01319.png,2
data/Diabetic Retinopathy/train/images/IMAGE_01121.png,0
data/Diabetic Retinopathy/train/images/IMAGE_00622.png,3
data/Diabetic Retinopathy/train/images/IMAGE_00765.png,0
data/Diabetic Retinopathy/train/images/IMAGE_00021.jpg,3
data/Diabetic Retinopathy/train/images/IMAGE_01862.jpg,0
data/Diabetic Retinopathy/train/images/IMAGE_00008.jpg,2
data/Diabetic Retinopathy/train/images/IMAGE_00256.jpg,0
data/Diabetic Retinopathy/train/images/IMAGE_00448.jpg,3
data/Diabetic Retinopathy/train/images/IMAGE_01927.jpg,0
data/Diabetic Retinopathy/train/images/IMAGE_00420.jpg,2
data/Diabetic Retinopathy/train/images/IMAGE_01632.jpg,0
data/Diabetic Retinopathy/train/images/IMAGE_01995.jpg,0
data/Diabetic Retinopathy/train/images/IMAGE_00940.png,2
data/Diabetic Retinopathy/train/images/IMAGE_02151.jpg,0
data/Diabetic Retinopathy/train/images/IMAGE_01358.png,2
data/Diabetic Retinopathy/train/images/IMAGE_00750.png,0
data/Diabetic Retinopathy/train/images/IMAGE_01080.png,2
data/Diabetic Retinopathy/train/images/IMAGE_01142.png,0
data/Diabetic Retinopathy/train/images/IMAGE_00858.png,0
data/Diabetic Retinopathy/train/images/IMAGE_01229.png,1
data/Diabetic Retinopathy/train/images/IMAGE_01726.jpg,0
data/Diabetic Retinopathy/train/images/IMAGE_01249.png,2
data/Diabetic Retinopathy/train/images/IMAGE_01911.jpg,0
data/Diabetic Retinopathy/train/images/IMAGE_02112.jpg,0
data/Diabetic Retinopathy/train/images/IMAGE_01033.png,0
data/Diabetic Retinopathy/train/images/IMAGE_02065.jpg,0
data/Diabetic Retinopathy/train/images/IMAGE_00884.png,0
data/Diabetic Retinopathy/train/images/IMAGE_01712.jpg,1
data/Diabetic Retinopathy/train/images/IMAGE_01723.jpg,0
data/Diabetic Retinopathy/train/images/IMAGE_00451.jpg,0
data/Diabetic Retinopathy/train/images/IMAGE_02088.jpg,0
data/Diabetic Retinopathy/train/images/IMAGE_00402.jpg,1
data/Diabetic Retinopathy/train/images/IMAGE_01942.jpg,0
data/Diabetic Retinopathy/train/images/IMAGE_01716.jpg,2
data/Diabetic Retinopathy/train/images/IMAGE_01297.png,2
data/Diabetic Retinopathy/train/images/IMAGE_01064.png,0
data/Diabetic Retinopathy/train/images/IMAGE_00336.jpg,0
data/Diabetic Retinopathy/train/images/IMAGE_01338.png,0
data/Diabetic Retinopathy/train/images/IMAGE_01750.jpg,0
data/Diabetic Retinopathy/train/images/IMAGE_00079.jpg,0
data/Diabetic Retinopathy/train/images/IMAGE_01694.jpg,1
data/Diabetic Retinopathy/train/images/IMAGE_01937.jpg,0
data/Diabetic Retinopathy/train/images/IMAGE_01838.jpg,2
data/Diabetic Retinopathy/train/images/IMAGE_01425.png,0
